id,predict
1,dog
2,ship
3,car
4,dog
5,horse
6,cat
7,dog
8,ship
9,horse
10,ship
11,truck
12,frog
13,frog
14,dog
15,bird
16,bird
17,dog
18,ship
19,plane
20,plane
21,car
22,cat
23,deer
24,cat
25,ship
26,dog
27,horse
28,plane
29,car
30,ship
31,truck
32,horse
33,cat
34,dog
35,truck
36,ship
37,frog
38,plane
39,car
40,bird
41,deer
42,truck
43,dog
44,frog
45,truck
46,deer
47,cat
48,frog
49,truck
50,bird
51,deer
52,deer
53,truck
54,plane
55,dog
56,truck
57,cat
58,truck
59,truck
60,plane
61,plane
62,plane
63,plane
64,frog
65,truck
66,car
67,horse
68,deer
69,bird
70,cat
71,deer
72,deer
73,ship
74,cat
75,frog
76,horse
77,cat
78,frog
79,plane
80,cat
81,frog
82,deer
83,frog
84,truck
85,deer
86,deer
87,ship
88,frog
89,dog
90,frog
91,ship
92,ship
93,dog
94,plane
95,frog
96,deer
97,horse
98,truck
99,plane
100,plane
101,plane
102,cat
103,plane
104,bird
105,car
106,horse
107,plane
108,truck
109,dog
110,plane
111,bird
112,dog
113,deer
114,car
115,bird
116,deer
117,plane
118,deer
119,deer
120,cat
121,horse
122,dog
123,truck
124,bird
125,horse
126,bird
127,deer
128,truck
129,plane
130,horse
131,frog
132,plane
133,truck
134,cat
135,deer
136,dog
137,frog
138,dog
139,car
140,bird
141,cat
142,dog
143,dog
144,ship
145,dog
146,cat
147,ship
148,ship
149,frog
150,deer
151,cat
152,deer
153,truck
154,bird
155,frog
156,car
157,truck
158,dog
159,frog
160,frog
161,dog
162,horse
163,plane
164,plane
165,cat
166,plane
167,deer
168,frog
169,plane
170,horse
171,bird
172,truck
173,truck
174,deer
175,deer
176,frog
177,bird
178,truck
179,car
180,ship
181,ship
182,horse
183,truck
184,horse
185,frog
186,car
187,truck
188,ship
189,dog
190,cat
191,frog
192,cat
193,truck
194,ship
195,plane
196,frog
197,deer
198,bird
199,car
200,ship
201,frog
202,plane
203,dog
204,deer
205,bird
206,ship
207,plane
208,ship
209,deer
210,car
211,dog
212,car
213,ship
214,truck
215,frog
216,ship
217,frog
218,plane
219,car
220,cat
221,car
222,truck
223,truck
224,truck
225,deer
226,deer
227,frog
228,deer
229,truck
230,bird
231,bird
232,ship
233,dog
234,truck
235,bird
236,truck
237,cat
238,plane
239,ship
240,truck
241,truck
242,plane
243,deer
244,truck
245,ship
246,deer
247,dog
248,cat
249,frog
250,truck
251,bird
252,bird
253,dog
254,ship
255,car
256,bird
257,truck
258,car
259,cat
260,plane
261,ship
262,frog
263,truck
264,car
265,truck
266,truck
267,ship
268,deer
269,deer
270,bird
271,ship
272,deer
273,car
274,frog
275,cat
276,ship
277,truck
278,frog
279,ship
280,bird
281,deer
282,truck
283,horse
284,horse
285,frog
286,plane
287,deer
288,car
289,car
290,car
291,cat
292,plane
293,frog
294,horse
295,ship
296,deer
297,truck
298,ship
299,truck
300,frog
301,horse
302,horse
303,frog
304,frog
305,horse
306,deer
307,car
308,cat
309,truck
310,plane
311,plane
312,ship
313,frog
314,truck
315,bird
316,deer
317,truck
318,dog
319,horse
320,truck
321,frog
322,horse
323,cat
324,plane
325,horse
326,car
327,plane
328,cat
329,horse
330,deer
331,truck
332,ship
333,ship
334,car
335,frog
336,dog
337,ship
338,horse
339,cat
340,truck
341,dog
342,deer
343,bird
344,bird
345,horse
346,ship
347,ship
348,deer
349,dog
350,truck
351,frog
352,frog
353,deer
354,deer
355,bird
356,ship
357,dog
358,deer
359,truck
360,truck
361,truck
362,ship
363,frog
364,frog
365,truck
366,plane
367,frog
368,dog
369,horse
370,dog
371,plane
372,horse
373,horse
374,plane
375,ship
376,car
377,bird
378,frog
379,frog
380,dog
381,horse
382,horse
383,car
384,truck
385,truck
386,frog
387,deer
388,deer
389,truck
390,deer
391,dog
392,cat
393,deer
394,frog
395,dog
396,cat
397,bird
398,dog
399,bird
400,deer
401,ship
402,bird
403,horse
404,truck
405,car
406,dog
407,plane
408,horse
409,plane
410,ship
411,cat
412,deer
413,plane
414,bird
415,bird
416,frog
417,frog
418,plane
419,car
420,horse
421,horse
422,ship
423,ship
424,car
425,truck
426,bird
427,plane
428,truck
429,horse
430,ship
431,ship
432,truck
433,ship
434,horse
435,plane
436,car
437,dog
438,plane
439,bird
440,car
441,car
442,dog
443,car
444,frog
445,car
446,deer
447,bird
448,truck
449,bird
450,plane
451,ship
452,horse
453,dog
454,truck
455,truck
456,truck
457,plane
458,bird
459,plane
460,truck
461,car
462,bird
463,car
464,horse
465,frog
466,truck
467,deer
468,ship
469,deer
470,plane
471,frog
472,truck
473,horse
474,dog
475,car
476,car
477,bird
478,horse
479,plane
480,deer
481,plane
482,car
483,bird
484,frog
485,car
486,ship
487,cat
488,cat
489,dog
490,plane
491,frog
492,bird
493,horse
494,truck
495,bird
496,bird
497,cat
498,frog
499,plane
500,bird
501,truck
502,cat
503,frog
504,frog
505,cat
506,frog
507,deer
508,dog
509,frog
510,deer
511,dog
512,plane
513,horse
514,bird
515,deer
516,cat
517,truck
518,cat
519,plane
520,frog
521,car
522,frog
523,deer
524,cat
525,ship
526,cat
527,dog
528,cat
529,frog
530,ship
531,deer
532,horse
533,horse
534,cat
535,bird
536,truck
537,car
538,truck
539,frog
540,plane
541,ship
542,frog
543,frog
544,horse
545,truck
546,truck
547,frog
548,bird
549,plane
550,cat
551,truck
552,truck
553,dog
554,deer
555,plane
556,horse
557,frog
558,plane
559,truck
560,truck
561,horse
562,car
563,dog
564,deer
565,frog
566,frog
567,frog
568,bird
569,cat
570,dog
571,plane
572,plane
573,truck
574,horse
575,cat
576,frog
577,car
578,cat
579,car
580,deer
581,frog
582,plane
583,car
584,bird
585,car
586,horse
587,car
588,car
589,plane
590,plane
591,frog
592,truck
593,truck
594,frog
595,frog
596,frog
597,ship
598,ship
599,ship
600,ship
601,frog
602,frog
603,frog
604,dog
605,plane
606,frog
607,car
608,deer
609,horse
610,car
611,dog
612,truck
613,dog
614,frog
615,truck
616,truck
617,horse
618,deer
619,ship
620,ship
621,frog
622,cat
623,plane
624,car
625,frog
626,deer
627,cat
628,deer
629,truck
630,deer
631,truck
632,horse
633,truck
634,cat
635,car
636,deer
637,ship
638,deer
639,dog
640,car
641,frog
642,bird
643,horse
644,plane
645,dog
646,deer
647,plane
648,deer
649,bird
650,ship
651,car
652,horse
653,plane
654,car
655,car
656,truck
657,ship
658,bird
659,horse
660,deer
661,ship
662,bird
663,frog
664,ship
665,ship
666,ship
667,car
668,horse
669,car
670,plane
671,cat
672,cat
673,truck
674,truck
675,bird
676,truck
677,dog
678,plane
679,cat
680,plane
681,frog
682,car
683,bird
684,deer
685,plane
686,frog
687,frog
688,horse
689,horse
690,ship
691,frog
692,deer
693,dog
694,plane
695,cat
696,truck
697,deer
698,ship
699,car
700,deer
701,truck
702,cat
703,dog
704,cat
705,ship
706,frog
707,ship
708,frog
709,dog
710,horse
711,frog
712,ship
713,dog
714,ship
715,cat
716,deer
717,dog
718,ship
719,frog
720,plane
721,dog
722,cat
723,frog
724,plane
725,dog
726,plane
727,ship
728,car
729,frog
730,plane
731,ship
732,frog
733,frog
734,car
735,truck
736,horse
737,ship
738,plane
739,frog
740,deer
741,plane
742,ship
743,horse
744,deer
745,truck
746,cat
747,cat
748,car
749,horse
750,truck
751,frog
752,cat
753,ship
754,bird
755,plane
756,plane
757,frog
758,deer
759,cat
760,deer
761,dog
762,truck
763,frog
764,truck
765,ship
766,ship
767,bird
768,bird
769,ship
770,dog
771,frog
772,truck
773,bird
774,ship
775,car
776,frog
777,deer
778,horse
779,ship
780,car
781,ship
782,frog
783,bird
784,deer
785,ship
786,plane
787,ship
788,dog
789,horse
790,deer
791,truck
792,bird
793,plane
794,ship
795,cat
796,frog
797,ship
798,truck
799,frog
800,car
801,horse
802,horse
803,horse
804,frog
805,plane
806,ship
807,plane
808,ship
809,car
810,car
811,dog
812,bird
813,dog
814,car
815,plane
816,ship
817,bird
818,frog
819,deer
820,truck
821,frog
822,frog
823,truck
824,cat
825,ship
826,dog
827,cat
828,truck
829,ship
830,bird
831,plane
832,frog
833,horse
834,car
835,deer
836,ship
837,frog
838,dog
839,frog
840,car
841,ship
842,deer
843,horse
844,dog
845,deer
846,ship
847,car
848,dog
849,car
850,car
851,truck
852,dog
853,dog
854,truck
855,car
856,bird
857,car
858,dog
859,cat
860,cat
861,car
862,truck
863,car
864,ship
865,ship
866,bird
867,bird
868,ship
869,plane
870,horse
871,frog
872,truck
873,dog
874,dog
875,horse
876,dog
877,dog
878,dog
879,cat
880,cat
881,truck
882,horse
883,truck
884,bird
885,plane
886,car
887,plane
888,frog
889,plane
890,truck
891,ship
892,frog
893,frog
894,car
895,bird
896,bird
897,ship
898,plane
899,ship
900,car
901,car
902,ship
903,plane
904,frog
905,frog
906,horse
907,car
908,plane
909,plane
910,truck
911,deer
912,horse
913,dog
914,dog
915,horse
916,truck
917,horse
918,truck
919,frog
920,car
921,bird
922,horse
923,cat
924,ship
925,car
926,car
927,ship
928,ship
929,truck
930,deer
931,car
932,horse
933,plane
934,plane
935,truck
936,cat
937,dog
938,plane
939,dog
940,horse
941,horse
942,car
943,dog
944,cat
945,deer
946,bird
947,horse
948,truck
949,ship
950,cat
951,truck
952,car
953,frog
954,ship
955,cat
956,plane
957,frog
958,frog
959,horse
960,frog
961,dog
962,dog
963,deer
964,truck
965,frog
966,ship
967,frog
968,cat
969,horse
970,bird
971,frog
972,car
973,deer
974,car
975,frog
976,car
977,dog
978,horse
979,cat
980,frog
981,ship
982,ship
983,frog
984,truck
985,dog
986,cat
987,cat
988,bird
989,frog
990,cat
991,horse
992,frog
993,truck
994,dog
995,bird
996,frog
997,plane
998,frog
999,frog
1000,plane
1001,truck
1002,plane
1003,car
1004,plane
1005,ship
1006,truck
1007,horse
1008,deer
1009,truck
1010,ship
1011,frog
1012,horse
1013,dog
1014,frog
1015,dog
1016,dog
1017,dog
1018,horse
1019,deer
1020,cat
1021,deer
1022,frog
1023,horse
1024,bird
1025,truck
1026,car
1027,dog
1028,horse
1029,plane
1030,deer
1031,cat
1032,deer
1033,truck
1034,truck
1035,horse
1036,car
1037,horse
1038,ship
1039,dog
1040,cat
1041,bird
1042,deer
1043,frog
1044,ship
1045,ship
1046,cat
1047,cat
1048,horse
1049,car
1050,bird
1051,ship
1052,truck
1053,car
1054,car
1055,plane
1056,plane
1057,ship
1058,car
1059,bird
1060,truck
1061,horse
1062,truck
1063,bird
1064,deer
1065,truck
1066,bird
1067,plane
1068,ship
1069,car
1070,ship
1071,frog
1072,cat
1073,plane
1074,frog
1075,horse
1076,frog
1077,car
1078,frog
1079,plane
1080,frog
1081,bird
1082,car
1083,frog
1084,deer
1085,truck
1086,car
1087,plane
1088,horse
1089,truck
1090,frog
1091,truck
1092,dog
1093,dog
1094,truck
1095,car
1096,ship
1097,deer
1098,ship
1099,car
1100,horse
1101,horse
1102,car
1103,cat
1104,truck
1105,dog
1106,car
1107,truck
1108,deer
1109,dog
1110,horse
1111,car
1112,plane
1113,frog
1114,cat
1115,ship
1116,truck
1117,deer
1118,truck
1119,car
1120,plane
1121,ship
1122,truck
1123,truck
1124,plane
1125,dog
1126,bird
1127,plane
1128,ship
1129,truck
1130,plane
1131,horse
1132,deer
1133,plane
1134,plane
1135,deer
1136,ship
1137,plane
1138,dog
1139,horse
1140,ship
1141,plane
1142,frog
1143,ship
1144,bird
1145,horse
1146,frog
1147,car
1148,deer
1149,car
1150,ship
1151,deer
1152,horse
1153,horse
1154,car
1155,bird
1156,frog
1157,truck
1158,car
1159,truck
1160,frog
1161,car
1162,truck
1163,bird
1164,cat
1165,truck
1166,deer
1167,dog
1168,car
1169,bird
1170,frog
1171,frog
1172,frog
1173,plane
1174,frog
1175,truck
1176,cat
1177,car
1178,cat
1179,cat
1180,cat
1181,horse
1182,deer
1183,truck
1184,truck
1185,ship
1186,frog
1187,dog
1188,cat
1189,frog
1190,frog
1191,horse
1192,ship
1193,bird
1194,truck
1195,dog
1196,dog
1197,truck
1198,cat
1199,deer
1200,truck
1201,frog
1202,car
1203,horse
1204,frog
1205,dog
1206,car
1207,horse
1208,plane
1209,plane
1210,ship
1211,truck
1212,plane
1213,deer
1214,dog
1215,horse
1216,horse
1217,frog
1218,cat
1219,frog
1220,car
1221,frog
1222,ship
1223,plane
1224,plane
1225,truck
1226,ship
1227,truck
1228,frog
1229,car
1230,car
1231,cat
1232,ship
1233,plane
1234,truck
1235,dog
1236,bird
1237,dog
1238,frog
1239,plane
1240,deer
1241,dog
1242,plane
1243,ship
1244,ship
1245,ship
1246,ship
1247,cat
1248,truck
1249,bird
1250,cat
1251,ship
1252,truck
1253,deer
1254,cat
1255,truck
1256,frog
1257,truck
1258,car
1259,truck
1260,truck
1261,cat
1262,car
1263,plane
1264,horse
1265,truck
1266,ship
1267,frog
1268,ship
1269,dog
1270,car
1271,dog
1272,dog
1273,frog
1274,bird
1275,horse
1276,plane
1277,deer
1278,car
1279,plane
1280,truck
1281,ship
1282,plane
1283,dog
1284,car
1285,truck
1286,cat
1287,deer
1288,car
1289,truck
1290,plane
1291,ship
1292,horse
1293,horse
1294,frog
1295,truck
1296,deer
1297,car
1298,truck
1299,deer
1300,horse
1301,horse
1302,plane
1303,horse
1304,bird
1305,car
1306,car
1307,ship
1308,bird
1309,bird
1310,cat
1311,truck
1312,deer
1313,deer
1314,frog
1315,cat
1316,car
1317,truck
1318,car
1319,plane
1320,deer
1321,truck
1322,car
1323,dog
1324,frog
1325,plane
1326,cat
1327,horse
1328,bird
1329,dog
1330,bird
1331,plane
1332,horse
1333,deer
1334,car
1335,cat
1336,bird
1337,cat
1338,bird
1339,ship
1340,truck
1341,dog
1342,deer
1343,cat
1344,frog
1345,truck
1346,bird
1347,frog
1348,plane
1349,frog
1350,deer
1351,car
1352,truck
1353,cat
1354,cat
1355,ship
1356,horse
1357,horse
1358,truck
1359,plane
1360,ship
1361,plane
1362,bird
1363,dog
1364,bird
1365,car
1366,plane
1367,deer
1368,deer
1369,cat
1370,car
1371,car
1372,horse
1373,cat
1374,horse
1375,dog
1376,truck
1377,plane
1378,frog
1379,bird
1380,ship
1381,truck
1382,truck
1383,frog
1384,bird
1385,cat
1386,bird
1387,ship
1388,horse
1389,truck
1390,horse
1391,car
1392,frog
1393,ship
1394,plane
1395,dog
1396,frog
1397,truck
1398,ship
1399,car
1400,car
1401,horse
1402,plane
1403,truck
1404,plane
1405,car
1406,frog
1407,dog
1408,deer
1409,frog
1410,dog
1411,truck
1412,dog
1413,cat
1414,dog
1415,ship
1416,ship
1417,plane
1418,car
1419,plane
1420,frog
1421,plane
1422,car
1423,truck
1424,truck
1425,dog
1426,plane
1427,frog
1428,deer
1429,plane
1430,truck
1431,truck
1432,frog
1433,dog
1434,bird
1435,truck
1436,truck
1437,truck
1438,plane
1439,horse
1440,truck
1441,car
1442,horse
1443,bird
1444,ship
1445,dog
1446,plane
1447,ship
1448,deer
1449,plane
1450,horse
1451,car
1452,deer
1453,horse
1454,frog
1455,bird
1456,cat
1457,ship
1458,deer
1459,ship
1460,dog
1461,ship
1462,cat
1463,car
1464,plane
1465,horse
1466,car
1467,bird
1468,plane
1469,frog
1470,car
1471,deer
1472,horse
1473,deer
1474,frog
1475,plane
1476,dog
1477,plane
1478,bird
1479,truck
1480,car
1481,plane
1482,car
1483,car
1484,truck
1485,cat
1486,ship
1487,deer
1488,cat
1489,dog
1490,cat
1491,dog
1492,ship
1493,frog
1494,frog
1495,truck
1496,car
1497,horse
1498,truck
1499,frog
1500,plane
1501,plane
1502,cat
1503,horse
1504,horse
1505,bird
1506,car
1507,plane
1508,cat
1509,plane
1510,dog
1511,horse
1512,bird
1513,ship
1514,horse
1515,horse
1516,ship
1517,frog
1518,truck
1519,plane
1520,truck
1521,deer
1522,plane
1523,plane
1524,frog
1525,ship
1526,dog
1527,frog
1528,bird
1529,horse
1530,deer
1531,frog
1532,truck
1533,cat
1534,car
1535,dog
1536,car
1537,horse
1538,truck
1539,car
1540,bird
1541,car
1542,ship
1543,horse
1544,truck
1545,deer
1546,car
1547,car
1548,dog
1549,truck
1550,car
1551,truck
1552,car
1553,plane
1554,ship
1555,deer
1556,plane
1557,car
1558,truck
1559,plane
1560,ship
1561,car
1562,car
1563,dog
1564,horse
1565,car
1566,truck
1567,deer
1568,car
1569,truck
1570,plane
1571,truck
1572,plane
1573,frog
1574,truck
1575,deer
1576,dog
1577,car
1578,plane
1579,truck
1580,plane
1581,bird
1582,car
1583,dog
1584,frog
1585,ship
1586,car
1587,dog
1588,horse
1589,truck
1590,horse
1591,ship
1592,car
1593,frog
1594,deer
1595,cat
1596,ship
1597,horse
1598,car
1599,frog
1600,cat
1601,car
1602,ship
1603,bird
1604,car
1605,deer
1606,frog
1607,ship
1608,deer
1609,deer
1610,car
1611,bird
1612,dog
1613,frog
1614,ship
1615,bird
1616,deer
1617,deer
1618,bird
1619,deer
1620,frog
1621,plane
1622,car
1623,frog
1624,dog
1625,deer
1626,deer
1627,frog
1628,frog
1629,car
1630,horse
1631,cat
1632,frog
1633,ship
1634,ship
1635,truck
1636,deer
1637,bird
1638,car
1639,plane
1640,truck
1641,ship
1642,frog
1643,dog
1644,cat
1645,frog
1646,cat
1647,car
1648,cat
1649,dog
1650,ship
1651,deer
1652,ship
1653,dog
1654,plane
1655,frog
1656,dog
1657,bird
1658,plane
1659,frog
1660,bird
1661,bird
1662,truck
1663,car
1664,frog
1665,horse
1666,car
1667,plane
1668,bird
1669,ship
1670,cat
1671,bird
1672,dog
1673,dog
1674,bird
1675,truck
1676,bird
1677,ship
1678,horse
1679,deer
1680,truck
1681,dog
1682,dog
1683,frog
1684,frog
1685,deer
1686,bird
1687,dog
1688,frog
1689,bird
1690,frog
1691,car
1692,car
1693,cat
1694,cat
1695,ship
1696,plane
1697,car
1698,horse
1699,deer
1700,bird
1701,truck
1702,frog
1703,car
1704,horse
1705,horse
1706,cat
1707,deer
1708,truck
1709,ship
1710,car
1711,cat
1712,car
1713,deer
1714,car
1715,horse
1716,car
1717,ship
1718,frog
1719,horse
1720,ship
1721,frog
1722,cat
1723,truck
1724,dog
1725,bird
1726,ship
1727,ship
1728,deer
1729,deer
1730,deer
1731,car
1732,ship
1733,car
1734,bird
1735,truck
1736,deer
1737,frog
1738,horse
1739,car
1740,ship
1741,deer
1742,car
1743,plane
1744,horse
1745,car
1746,deer
1747,frog
1748,truck
1749,horse
1750,cat
1751,cat
1752,cat
1753,bird
1754,ship
1755,bird
1756,ship
1757,car
1758,bird
1759,truck
1760,ship
1761,truck
1762,car
1763,truck
1764,ship
1765,deer
1766,horse
1767,truck
1768,bird
1769,deer
1770,dog
1771,plane
1772,plane
1773,bird
1774,truck
1775,frog
1776,dog
1777,truck
1778,bird
1779,truck
1780,plane
1781,ship
1782,cat
1783,car
1784,cat
1785,cat
1786,horse
1787,car
1788,car
1789,car
1790,ship
1791,dog
1792,frog
1793,bird
1794,truck
1795,frog
1796,plane
1797,ship
1798,horse
1799,deer
1800,horse
1801,ship
1802,horse
1803,truck
1804,cat
1805,ship
1806,ship
1807,car
1808,plane
1809,ship
1810,frog
1811,bird
1812,ship
1813,dog
1814,cat
1815,horse
1816,deer
1817,plane
1818,bird
1819,deer
1820,car
1821,frog
1822,deer
1823,car
1824,horse
1825,horse
1826,frog
1827,truck
1828,car
1829,frog
1830,horse
1831,truck
1832,frog
1833,dog
1834,horse
1835,ship
1836,plane
1837,truck
1838,deer
1839,plane
1840,cat
1841,deer
1842,plane
1843,cat
1844,car
1845,plane
1846,deer
1847,horse
1848,horse
1849,truck
1850,cat
1851,horse
1852,frog
1853,bird
1854,frog
1855,ship
1856,ship
1857,truck
1858,frog
1859,ship
1860,car
1861,truck
1862,truck
1863,deer
1864,plane
1865,deer
1866,frog
1867,cat
1868,frog
1869,horse
1870,plane
1871,frog
1872,car
1873,car
1874,plane
1875,cat
1876,plane
1877,dog
1878,cat
1879,truck
1880,ship
1881,deer
1882,deer
1883,car
1884,plane
1885,plane
1886,ship
1887,frog
1888,cat
1889,deer
1890,frog
1891,truck
1892,deer
1893,frog
1894,truck
1895,cat
1896,deer
1897,frog
1898,ship
1899,plane
1900,horse
1901,ship
1902,cat
1903,dog
1904,plane
1905,frog
1906,plane
1907,horse
1908,bird
1909,frog
1910,dog
1911,horse
1912,ship
1913,truck
1914,plane
1915,plane
1916,cat
1917,cat
1918,dog
1919,deer
1920,ship
1921,ship
1922,bird
1923,truck
1924,bird
1925,dog
1926,plane
1927,truck
1928,truck
1929,car
1930,car
1931,dog
1932,ship
1933,dog
1934,deer
1935,horse
1936,truck
1937,bird
1938,deer
1939,horse
1940,dog
1941,truck
1942,truck
1943,truck
1944,frog
1945,plane
1946,deer
1947,plane
1948,truck
1949,ship
1950,truck
1951,frog
1952,dog
1953,horse
1954,ship
1955,horse
1956,car
1957,truck
1958,deer
1959,horse
1960,frog
1961,bird
1962,frog
1963,cat
1964,truck
1965,dog
1966,bird
1967,cat
1968,truck
1969,cat
1970,car
1971,frog
1972,ship
1973,ship
1974,frog
1975,plane
1976,ship
1977,ship
1978,plane
1979,horse
1980,horse
1981,frog
1982,deer
1983,frog
1984,frog
1985,bird
1986,deer
1987,cat
1988,horse
1989,truck
1990,horse
1991,deer
1992,ship
1993,cat
1994,dog
1995,frog
1996,car
1997,horse
1998,car
1999,frog
2000,car
2001,deer
2002,truck
2003,ship
2004,horse
2005,cat
2006,bird
2007,dog
2008,truck
2009,cat
2010,plane
2011,frog
2012,deer
2013,truck
2014,horse
2015,bird
2016,truck
2017,bird
2018,frog
2019,car
2020,truck
2021,truck
2022,frog
2023,ship
2024,deer
2025,frog
2026,frog
2027,plane
2028,plane
2029,horse
2030,dog
2031,ship
2032,frog
2033,ship
2034,ship
2035,frog
2036,bird
2037,deer
2038,frog
2039,frog
2040,bird
2041,dog
2042,truck
2043,car
2044,plane
2045,deer
2046,deer
2047,horse
2048,dog
2049,plane
2050,deer
2051,deer
2052,dog
2053,deer
2054,plane
2055,horse
2056,truck
2057,car
2058,dog
2059,car
2060,horse
2061,horse
2062,cat
2063,bird
2064,dog
2065,truck
2066,dog
2067,frog
2068,car
2069,frog
2070,dog
2071,bird
2072,truck
2073,truck
2074,bird
2075,truck
2076,plane
2077,plane
2078,dog
2079,plane
2080,horse
2081,plane
2082,truck
2083,truck
2084,horse
2085,dog
2086,horse
2087,truck
2088,bird
2089,horse
2090,frog
2091,plane
2092,horse
2093,truck
2094,bird
2095,plane
2096,ship
2097,truck
2098,car
2099,cat
2100,ship
2101,bird
2102,plane
2103,dog
2104,car
2105,ship
2106,ship
2107,ship
2108,car
2109,frog
2110,truck
2111,ship
2112,bird
2113,horse
2114,horse
2115,horse
2116,dog
2117,cat
2118,frog
2119,dog
2120,deer
2121,plane
2122,truck
2123,bird
2124,dog
2125,truck
2126,ship
2127,frog
2128,ship
2129,car
2130,ship
2131,horse
2132,bird
2133,truck
2134,bird
2135,bird
2136,car
2137,bird
2138,deer
2139,dog
2140,ship
2141,bird
2142,plane
2143,dog
2144,horse
2145,car
2146,bird
2147,plane
2148,deer
2149,plane
2150,cat
2151,plane
2152,car
2153,bird
2154,cat
2155,deer
2156,horse
2157,cat
2158,frog
2159,truck
2160,deer
2161,horse
2162,plane
2163,horse
2164,frog
2165,truck
2166,deer
2167,cat
2168,cat
2169,plane
2170,car
2171,ship
2172,deer
2173,frog
2174,truck
2175,car
2176,frog
2177,plane
2178,dog
2179,horse
2180,car
2181,deer
2182,ship
2183,dog
2184,plane
2185,deer
2186,ship
2187,ship
2188,bird
2189,horse
2190,horse
2191,ship
2192,truck
2193,plane
2194,horse
2195,ship
2196,bird
2197,frog
2198,car
2199,deer
2200,frog
2201,dog
2202,plane
2203,bird
2204,dog
2205,truck
2206,plane
2207,ship
2208,plane
2209,bird
2210,plane
2211,frog
2212,bird
2213,horse
2214,car
2215,car
2216,bird
2217,plane
2218,plane
2219,truck
2220,cat
2221,truck
2222,frog
2223,ship
2224,plane
2225,plane
2226,truck
2227,car
2228,car
2229,plane
2230,horse
2231,deer
2232,deer
2233,ship
2234,truck
2235,bird
2236,deer
2237,plane
2238,frog
2239,plane
2240,plane
2241,truck
2242,plane
2243,frog
2244,deer
2245,plane
2246,frog
2247,horse
2248,plane
2249,horse
2250,car
2251,deer
2252,ship
2253,bird
2254,truck
2255,frog
2256,deer
2257,dog
2258,bird
2259,plane
2260,car
2261,truck
2262,ship
2263,dog
2264,truck
2265,horse
2266,plane
2267,car
2268,deer
2269,plane
2270,deer
2271,truck
2272,dog
2273,bird
2274,deer
2275,dog
2276,plane
2277,deer
2278,dog
2279,dog
2280,deer
2281,truck
2282,dog
2283,bird
2284,frog
2285,deer
2286,frog
2287,ship
2288,plane
2289,horse
2290,deer
2291,car
2292,truck
2293,frog
2294,horse
2295,cat
2296,frog
2297,cat
2298,bird
2299,plane
2300,dog
2301,cat
2302,car
2303,dog
2304,horse
2305,frog
2306,deer
2307,bird
2308,car
2309,truck
2310,deer
2311,plane
2312,cat
2313,bird
2314,frog
2315,bird
2316,plane
2317,truck
2318,truck
2319,frog
2320,bird
2321,plane
2322,car
2323,ship
2324,frog
2325,deer
2326,ship
2327,horse
2328,car
2329,deer
2330,horse
2331,truck
2332,plane
2333,horse
2334,horse
2335,frog
2336,deer
2337,dog
2338,ship
2339,plane
2340,ship
2341,frog
2342,bird
2343,frog
2344,frog
2345,car
2346,plane
2347,frog
2348,deer
2349,plane
2350,truck
2351,truck
2352,ship
2353,car
2354,truck
2355,frog
2356,deer
2357,car
2358,truck
2359,ship
2360,car
2361,dog
2362,plane
2363,ship
2364,cat
2365,dog
2366,frog
2367,horse
2368,car
2369,frog
2370,bird
2371,bird
2372,car
2373,bird
2374,car
2375,car
2376,truck
2377,dog
2378,plane
2379,horse
2380,ship
2381,frog
2382,deer
2383,deer
2384,ship
2385,plane
2386,plane
2387,deer
2388,dog
2389,car
2390,cat
2391,frog
2392,ship
2393,ship
2394,truck
2395,ship
2396,bird
2397,horse
2398,dog
2399,ship
2400,cat
2401,bird
2402,truck
2403,horse
2404,frog
2405,car
2406,truck
2407,deer
2408,frog
2409,deer
2410,horse
2411,frog
2412,dog
2413,horse
2414,dog
2415,truck
2416,car
2417,truck
2418,truck
2419,truck
2420,frog
2421,frog
2422,frog
2423,car
2424,cat
2425,cat
2426,truck
2427,dog
2428,frog
2429,horse
2430,frog
2431,horse
2432,horse
2433,frog
2434,bird
2435,deer
2436,horse
2437,truck
2438,frog
2439,truck
2440,frog
2441,truck
2442,ship
2443,deer
2444,bird
2445,ship
2446,dog
2447,plane
2448,bird
2449,cat
2450,truck
2451,plane
2452,plane
2453,horse
2454,dog
2455,plane
2456,frog
2457,ship
2458,ship
2459,ship
2460,bird
2461,bird
2462,plane
2463,bird
2464,cat
2465,frog
2466,cat
2467,truck
2468,plane
2469,frog
2470,ship
2471,car
2472,ship
2473,frog
2474,plane
2475,car
2476,plane
2477,frog
2478,plane
2479,horse
2480,cat
2481,dog
2482,ship
2483,horse
2484,horse
2485,horse
2486,truck
2487,truck
2488,ship
2489,cat
2490,truck
2491,ship
2492,frog
2493,ship
2494,cat
2495,ship
2496,bird
2497,deer
2498,ship
2499,frog
2500,frog
2501,bird
2502,plane
2503,frog
2504,plane
2505,car
2506,truck
2507,plane
2508,car
2509,cat
2510,truck
2511,dog
2512,frog
2513,truck
2514,frog
2515,plane
2516,deer
2517,frog
2518,ship
2519,plane
2520,bird
2521,frog
2522,ship
2523,car
2524,frog
2525,dog
2526,horse
2527,cat
2528,cat
2529,horse
2530,car
2531,ship
2532,horse
2533,horse
2534,horse
2535,bird
2536,dog
2537,frog
2538,bird
2539,frog
2540,plane
2541,truck
2542,truck
2543,deer
2544,frog
2545,frog
2546,plane
2547,ship
2548,deer
2549,cat
2550,ship
2551,truck
2552,horse
2553,dog
2554,frog
2555,car
2556,frog
2557,ship
2558,plane
2559,bird
2560,plane
2561,car
2562,dog
2563,car
2564,plane
2565,truck
2566,car
2567,plane
2568,plane
2569,frog
2570,car
2571,cat
2572,car
2573,bird
2574,plane
2575,ship
2576,frog
2577,plane
2578,car
2579,truck
2580,frog
2581,car
2582,ship
2583,plane
2584,frog
2585,cat
2586,car
2587,dog
2588,dog
2589,car
2590,truck
2591,plane
2592,horse
2593,bird
2594,plane
2595,cat
2596,ship
2597,truck
2598,deer
2599,truck
2600,dog
2601,truck
2602,car
2603,truck
2604,truck
2605,deer
2606,frog
2607,bird
2608,plane
2609,deer
2610,ship
2611,horse
2612,cat
2613,plane
2614,dog
2615,ship
2616,deer
2617,horse
2618,frog
2619,car
2620,deer
2621,horse
2622,dog
2623,ship
2624,cat
2625,bird
2626,dog
2627,frog
2628,horse
2629,plane
2630,bird
2631,truck
2632,horse
2633,deer
2634,truck
2635,car
2636,truck
2637,plane
2638,frog
2639,plane
2640,dog
2641,deer
2642,car
2643,car
2644,car
2645,plane
2646,dog
2647,frog
2648,bird
2649,ship
2650,horse
2651,deer
2652,truck
2653,plane
2654,horse
2655,horse
2656,ship
2657,deer
2658,bird
2659,bird
2660,plane
2661,truck
2662,horse
2663,dog
2664,truck
2665,ship
2666,frog
2667,frog
2668,frog
2669,plane
2670,bird
2671,ship
2672,deer
2673,horse
2674,car
2675,frog
2676,frog
2677,frog
2678,truck
2679,deer
2680,bird
2681,plane
2682,dog
2683,frog
2684,truck
2685,deer
2686,truck
2687,ship
2688,car
2689,frog
2690,truck
2691,frog
2692,frog
2693,car
2694,car
2695,plane
2696,truck
2697,deer
2698,deer
2699,car
2700,plane
2701,frog
2702,horse
2703,cat
2704,dog
2705,frog
2706,frog
2707,deer
2708,car
2709,deer
2710,dog
2711,plane
2712,frog
2713,dog
2714,truck
2715,deer
2716,dog
2717,truck
2718,horse
2719,deer
2720,bird
2721,deer
2722,cat
2723,dog
2724,car
2725,ship
2726,truck
2727,horse
2728,horse
2729,truck
2730,truck
2731,plane
2732,horse
2733,deer
2734,car
2735,deer
2736,ship
2737,deer
2738,plane
2739,ship
2740,horse
2741,deer
2742,dog
2743,deer
2744,car
2745,frog
2746,truck
2747,frog
2748,plane
2749,car
2750,car
2751,frog
2752,plane
2753,dog
2754,horse
2755,bird
2756,horse
2757,cat
2758,plane
2759,truck
2760,dog
2761,horse
2762,truck
2763,dog
2764,truck
2765,truck
2766,bird
2767,plane
2768,car
2769,frog
2770,frog
2771,car
2772,car
2773,truck
2774,car
2775,frog
2776,car
2777,cat
2778,ship
2779,truck
2780,car
2781,cat
2782,dog
2783,horse
2784,frog
2785,frog
2786,car
2787,cat
2788,car
2789,cat
2790,frog
2791,cat
2792,horse
2793,deer
2794,cat
2795,horse
2796,dog
2797,car
2798,deer
2799,deer
2800,deer
2801,bird
2802,truck
2803,horse
2804,car
2805,bird
2806,cat
2807,cat
2808,horse
2809,ship
2810,dog
2811,bird
2812,truck
2813,deer
2814,plane
2815,truck
2816,frog
2817,plane
2818,frog
2819,plane
2820,horse
2821,dog
2822,plane
2823,ship
2824,truck
2825,horse
2826,ship
2827,horse
2828,truck
2829,deer
2830,truck
2831,deer
2832,deer
2833,bird
2834,ship
2835,truck
2836,bird
2837,horse
2838,bird
2839,car
2840,bird
2841,cat
2842,ship
2843,car
2844,deer
2845,truck
2846,car
2847,bird
2848,dog
2849,deer
2850,car
2851,truck
2852,frog
2853,deer
2854,horse
2855,bird
2856,bird
2857,frog
2858,dog
2859,car
2860,ship
2861,ship
2862,car
2863,plane
2864,deer
2865,car
2866,frog
2867,plane
2868,dog
2869,deer
2870,horse
2871,truck
2872,truck
2873,plane
2874,car
2875,deer
2876,car
2877,ship
2878,frog
2879,ship
2880,frog
2881,dog
2882,truck
2883,bird
2884,dog
2885,bird
2886,deer
2887,dog
2888,dog
2889,frog
2890,bird
2891,ship
2892,bird
2893,dog
2894,deer
2895,cat
2896,ship
2897,deer
2898,frog
2899,frog
2900,frog
2901,ship
2902,frog
2903,truck
2904,horse
2905,frog
2906,plane
2907,frog
2908,frog
2909,frog
2910,dog
2911,truck
2912,plane
2913,truck
2914,frog
2915,car
2916,plane
2917,horse
2918,plane
2919,ship
2920,plane
2921,frog
2922,frog
2923,dog
2924,dog
2925,frog
2926,horse
2927,deer
2928,horse
2929,bird
2930,deer
2931,plane
2932,ship
2933,cat
2934,frog
2935,ship
2936,horse
2937,deer
2938,dog
2939,ship
2940,deer
2941,bird
2942,ship
2943,horse
2944,bird
2945,car
2946,horse
2947,horse
2948,truck
2949,dog
2950,truck
2951,frog
2952,frog
2953,horse
2954,car
2955,deer
2956,plane
2957,ship
2958,plane
2959,ship
2960,plane
2961,bird
2962,ship
2963,dog
2964,dog
2965,deer
2966,ship
2967,ship
2968,bird
2969,dog
2970,cat
2971,frog
2972,dog
2973,car
2974,cat
2975,truck
2976,car
2977,frog
2978,car
2979,truck
2980,ship
2981,deer
2982,deer
2983,car
2984,ship
2985,cat
2986,bird
2987,ship
2988,deer
2989,deer
2990,horse
2991,frog
2992,frog
2993,deer
2994,horse
2995,frog
2996,bird
2997,bird
2998,dog
2999,ship
3000,deer
3001,car
3002,cat
3003,bird
3004,cat
3005,car
3006,ship
3007,dog
3008,frog
3009,deer
3010,frog
3011,truck
3012,ship
3013,cat
3014,ship
3015,dog
3016,frog
3017,plane
3018,car
3019,ship
3020,deer
3021,horse
3022,deer
3023,horse
3024,plane
3025,deer
3026,cat
3027,ship
3028,plane
3029,dog
3030,frog
3031,car
3032,cat
3033,cat
3034,deer
3035,car
3036,dog
3037,frog
3038,deer
3039,deer
3040,deer
3041,horse
3042,ship
3043,car
3044,dog
3045,cat
3046,plane
3047,car
3048,ship
3049,frog
3050,horse
3051,truck
3052,ship
3053,bird
3054,horse
3055,ship
3056,truck
3057,dog
3058,plane
3059,ship
3060,car
3061,truck
3062,car
3063,cat
3064,plane
3065,frog
3066,frog
3067,cat
3068,bird
3069,bird
3070,plane
3071,ship
3072,truck
3073,frog
3074,car
3075,truck
3076,deer
3077,truck
3078,plane
3079,bird
3080,ship
3081,horse
3082,truck
3083,ship
3084,dog
3085,truck
3086,deer
3087,bird
3088,bird
3089,car
3090,frog
3091,truck
3092,truck
3093,bird
3094,ship
3095,dog
3096,bird
3097,truck
3098,bird
3099,plane
3100,horse
3101,cat
3102,frog
3103,ship
3104,frog
3105,ship
3106,car
3107,cat
3108,horse
3109,horse
3110,cat
3111,frog
3112,plane
3113,frog
3114,cat
3115,cat
3116,plane
3117,frog
3118,car
3119,frog
3120,truck
3121,dog
3122,dog
3123,ship
3124,deer
3125,car
3126,horse
3127,truck
3128,dog
3129,frog
3130,truck
3131,dog
3132,deer
3133,ship
3134,plane
3135,cat
3136,plane
3137,frog
3138,frog
3139,car
3140,ship
3141,truck
3142,deer
3143,deer
3144,truck
3145,deer
3146,car
3147,dog
3148,plane
3149,frog
3150,bird
3151,truck
3152,truck
3153,bird
3154,horse
3155,horse
3156,truck
3157,deer
3158,plane
3159,deer
3160,cat
3161,cat
3162,deer
3163,plane
3164,frog
3165,ship
3166,ship
3167,plane
3168,dog
3169,ship
3170,horse
3171,ship
3172,ship
3173,plane
3174,plane
3175,frog
3176,car
3177,frog
3178,bird
3179,ship
3180,dog
3181,car
3182,horse
3183,bird
3184,truck
3185,plane
3186,dog
3187,dog
3188,car
3189,truck
3190,car
3191,truck
3192,frog
3193,ship
3194,dog
3195,deer
3196,bird
3197,frog
3198,ship
3199,bird
3200,ship
3201,cat
3202,frog
3203,truck
3204,ship
3205,frog
3206,plane
3207,dog
3208,dog
3209,bird
3210,truck
3211,car
3212,truck
3213,bird
3214,car
3215,bird
3216,dog
3217,deer
3218,plane
3219,deer
3220,ship
3221,deer
3222,deer
3223,deer
3224,cat
3225,horse
3226,plane
3227,horse
3228,plane
3229,bird
3230,deer
3231,car
3232,dog
3233,bird
3234,horse
3235,car
3236,cat
3237,plane
3238,ship
3239,plane
3240,bird
3241,plane
3242,car
3243,horse
3244,truck
3245,truck
3246,frog
3247,bird
3248,deer
3249,bird
3250,ship
3251,bird
3252,horse
3253,deer
3254,frog
3255,frog
3256,car
3257,frog
3258,ship
3259,bird
3260,deer
3261,plane
3262,truck
3263,ship
3264,frog
3265,plane
3266,horse
3267,ship
3268,plane
3269,car
3270,cat
3271,car
3272,plane
3273,cat
3274,deer
3275,car
3276,deer
3277,bird
3278,frog
3279,dog
3280,deer
3281,ship
3282,plane
3283,ship
3284,frog
3285,deer
3286,frog
3287,bird
3288,plane
3289,frog
3290,horse
3291,frog
3292,ship
3293,ship
3294,horse
3295,plane
3296,cat
3297,ship
3298,plane
3299,horse
3300,frog
3301,bird
3302,truck
3303,deer
3304,car
3305,ship
3306,bird
3307,plane
3308,ship
3309,plane
3310,plane
3311,dog
3312,deer
3313,bird
3314,truck
3315,frog
3316,car
3317,truck
3318,plane
3319,deer
3320,truck
3321,plane
3322,cat
3323,plane
3324,dog
3325,truck
3326,plane
3327,bird
3328,cat
3329,car
3330,dog
3331,frog
3332,dog
3333,bird
3334,horse
3335,car
3336,bird
3337,truck
3338,cat
3339,ship
3340,dog
3341,dog
3342,car
3343,horse
3344,ship
3345,cat
3346,frog
3347,plane
3348,frog
3349,ship
3350,dog
3351,frog
3352,truck
3353,plane
3354,ship
3355,horse
3356,dog
3357,truck
3358,truck
3359,bird
3360,plane
3361,horse
3362,cat
3363,dog
3364,car
3365,deer
3366,bird
3367,horse
3368,plane
3369,deer
3370,plane
3371,plane
3372,plane
3373,truck
3374,frog
3375,dog
3376,deer
3377,ship
3378,car
3379,horse
3380,ship
3381,frog
3382,ship
3383,truck
3384,plane
3385,frog
3386,frog
3387,ship
3388,frog
3389,deer
3390,bird
3391,plane
3392,ship
3393,bird
3394,frog
3395,truck
3396,ship
3397,ship
3398,dog
3399,horse
3400,truck
3401,bird
3402,ship
3403,horse
3404,truck
3405,horse
3406,car
3407,bird
3408,deer
3409,horse
3410,frog
3411,deer
3412,truck
3413,horse
3414,truck
3415,ship
3416,horse
3417,cat
3418,ship
3419,dog
3420,ship
3421,frog
3422,horse
3423,car
3424,frog
3425,ship
3426,truck
3427,plane
3428,dog
3429,truck
3430,bird
3431,car
3432,cat
3433,car
3434,cat
3435,car
3436,dog
3437,horse
3438,truck
3439,ship
3440,car
3441,car
3442,frog
3443,deer
3444,car
3445,frog
3446,truck
3447,cat
3448,car
3449,bird
3450,bird
3451,dog
3452,truck
3453,plane
3454,frog
3455,bird
3456,cat
3457,frog
3458,plane
3459,plane
3460,horse
3461,frog
3462,car
3463,cat
3464,truck
3465,plane
3466,car
3467,bird
3468,deer
3469,frog
3470,ship
3471,plane
3472,bird
3473,frog
3474,dog
3475,plane
3476,bird
3477,car
3478,ship
3479,truck
3480,deer
3481,deer
3482,dog
3483,truck
3484,bird
3485,car
3486,truck
3487,frog
3488,ship
3489,car
3490,plane
3491,plane
3492,plane
3493,bird
3494,dog
3495,ship
3496,dog
3497,bird
3498,plane
3499,car
3500,car
3501,ship
3502,frog
3503,ship
3504,horse
3505,horse
3506,ship
3507,ship
3508,cat
3509,truck
3510,cat
3511,ship
3512,horse
3513,dog
3514,ship
3515,deer
3516,deer
3517,plane
3518,deer
3519,deer
3520,frog
3521,car
3522,bird
3523,ship
3524,frog
3525,plane
3526,bird
3527,car
3528,car
3529,cat
3530,plane
3531,car
3532,frog
3533,dog
3534,car
3535,deer
3536,truck
3537,truck
3538,cat
3539,horse
3540,car
3541,car
3542,bird
3543,ship
3544,deer
3545,car
3546,bird
3547,car
3548,dog
3549,deer
3550,frog
3551,truck
3552,horse
3553,horse
3554,frog
3555,dog
3556,truck
3557,cat
3558,plane
3559,plane
3560,bird
3561,deer
3562,car
3563,dog
3564,frog
3565,ship
3566,horse
3567,deer
3568,frog
3569,truck
3570,frog
3571,horse
3572,truck
3573,bird
3574,truck
3575,plane
3576,frog
3577,frog
3578,bird
3579,frog
3580,bird
3581,cat
3582,horse
3583,horse
3584,deer
3585,bird
3586,ship
3587,car
3588,ship
3589,plane
3590,deer
3591,truck
3592,cat
3593,truck
3594,frog
3595,cat
3596,plane
3597,ship
3598,car
3599,car
3600,horse
3601,car
3602,deer
3603,car
3604,ship
3605,truck
3606,truck
3607,horse
3608,deer
3609,cat
3610,horse
3611,deer
3612,horse
3613,dog
3614,bird
3615,cat
3616,ship
3617,cat
3618,ship
3619,dog
3620,plane
3621,bird
3622,bird
3623,ship
3624,ship
3625,frog
3626,deer
3627,ship
3628,horse
3629,dog
3630,horse
3631,deer
3632,dog
3633,ship
3634,frog
3635,deer
3636,car
3637,car
3638,bird
3639,frog
3640,deer
3641,truck
3642,dog
3643,deer
3644,cat
3645,plane
3646,car
3647,plane
3648,ship
3649,frog
3650,truck
3651,deer
3652,dog
3653,plane
3654,cat
3655,plane
3656,frog
3657,horse
3658,truck
3659,deer
3660,horse
3661,ship
3662,ship
3663,car
3664,car
3665,deer
3666,ship
3667,frog
3668,plane
3669,bird
3670,ship
3671,frog
3672,cat
3673,plane
3674,truck
3675,horse
3676,truck
3677,frog
3678,dog
3679,deer
3680,horse
3681,frog
3682,cat
3683,truck
3684,horse
3685,frog
3686,cat
3687,car
3688,car
3689,frog
3690,truck
3691,dog
3692,horse
3693,ship
3694,car
3695,cat
3696,truck
3697,plane
3698,bird
3699,dog
3700,dog
3701,frog
3702,car
3703,frog
3704,horse
3705,horse
3706,dog
3707,deer
3708,frog
3709,dog
3710,truck
3711,truck
3712,frog
3713,horse
3714,bird
3715,dog
3716,plane
3717,bird
3718,deer
3719,deer
3720,plane
3721,horse
3722,frog
3723,dog
3724,frog
3725,ship
3726,cat
3727,frog
3728,bird
3729,bird
3730,horse
3731,deer
3732,cat
3733,horse
3734,deer
3735,ship
3736,deer
3737,bird
3738,cat
3739,cat
3740,horse
3741,ship
3742,dog
3743,bird
3744,truck
3745,cat
3746,deer
3747,frog
3748,deer
3749,dog
3750,frog
3751,horse
3752,car
3753,deer
3754,truck
3755,deer
3756,frog
3757,car
3758,horse
3759,frog
3760,horse
3761,truck
3762,bird
3763,truck
3764,deer
3765,frog
3766,truck
3767,frog
3768,truck
3769,dog
3770,ship
3771,ship
3772,horse
3773,car
3774,cat
3775,dog
3776,cat
3777,frog
3778,car
3779,car
3780,dog
3781,truck
3782,car
3783,bird
3784,bird
3785,truck
3786,deer
3787,car
3788,truck
3789,truck
3790,frog
3791,ship
3792,truck
3793,horse
3794,dog
3795,frog
3796,frog
3797,cat
3798,plane
3799,bird
3800,truck
3801,ship
3802,horse
3803,ship
3804,car
3805,deer
3806,truck
3807,truck
3808,dog
3809,car
3810,frog
3811,ship
3812,frog
3813,ship
3814,frog
3815,horse
3816,bird
3817,frog
3818,deer
3819,truck
3820,car
3821,plane
3822,frog
3823,car
3824,ship
3825,horse
3826,frog
3827,horse
3828,car
3829,deer
3830,ship
3831,bird
3832,ship
3833,horse
3834,horse
3835,car
3836,truck
3837,truck
3838,plane
3839,frog
3840,horse
3841,car
3842,dog
3843,car
3844,ship
3845,bird
3846,cat
3847,truck
3848,frog
3849,car
3850,dog
3851,deer
3852,frog
3853,truck
3854,ship
3855,truck
3856,dog
3857,dog
3858,frog
3859,dog
3860,truck
3861,plane
3862,bird
3863,truck
3864,frog
3865,plane
3866,frog
3867,bird
3868,bird
3869,frog
3870,truck
3871,ship
3872,cat
3873,horse
3874,ship
3875,frog
3876,dog
3877,truck
3878,bird
3879,bird
3880,bird
3881,bird
3882,ship
3883,horse
3884,truck
3885,horse
3886,plane
3887,ship
3888,frog
3889,deer
3890,car
3891,deer
3892,horse
3893,ship
3894,cat
3895,dog
3896,dog
3897,ship
3898,horse
3899,deer
3900,car
3901,truck
3902,deer
3903,bird
3904,truck
3905,car
3906,cat
3907,plane
3908,deer
3909,dog
3910,ship
3911,dog
3912,ship
3913,bird
3914,frog
3915,car
3916,plane
3917,bird
3918,cat
3919,bird
3920,dog
3921,horse
3922,cat
3923,truck
3924,dog
3925,truck
3926,deer
3927,truck
3928,car
3929,ship
3930,dog
3931,cat
3932,ship
3933,dog
3934,car
3935,frog
3936,dog
3937,plane
3938,deer
3939,frog
3940,cat
3941,ship
3942,bird
3943,horse
3944,bird
3945,car
3946,deer
3947,car
3948,dog
3949,ship
3950,horse
3951,deer
3952,deer
3953,horse
3954,ship
3955,deer
3956,plane
3957,deer
3958,cat
3959,dog
3960,truck
3961,car
3962,plane
3963,truck
3964,dog
3965,plane
3966,ship
3967,horse
3968,frog
3969,horse
3970,frog
3971,dog
3972,horse
3973,horse
3974,deer
3975,bird
3976,deer
3977,dog
3978,horse
3979,bird
3980,cat
3981,truck
3982,car
3983,deer
3984,dog
3985,frog
3986,horse
3987,bird
3988,bird
3989,car
3990,plane
3991,horse
3992,ship
3993,cat
3994,cat
3995,truck
3996,truck
3997,dog
3998,deer
3999,ship
4000,frog
4001,deer
4002,bird
4003,dog
4004,bird
4005,bird
4006,deer
4007,car
4008,ship
4009,bird
4010,plane
4011,ship
4012,dog
4013,frog
4014,plane
4015,plane
4016,deer
4017,plane
4018,truck
4019,dog
4020,deer
4021,deer
4022,car
4023,frog
4024,truck
4025,deer
4026,bird
4027,frog
4028,plane
4029,frog
4030,frog
4031,truck
4032,truck
4033,cat
4034,deer
4035,frog
4036,frog
4037,ship
4038,frog
4039,plane
4040,frog
4041,horse
4042,ship
4043,truck
4044,horse
4045,ship
4046,truck
4047,car
4048,frog
4049,plane
4050,bird
4051,horse
4052,truck
4053,cat
4054,cat
4055,bird
4056,dog
4057,frog
4058,car
4059,frog
4060,deer
4061,deer
4062,cat
4063,plane
4064,frog
4065,horse
4066,car
4067,horse
4068,dog
4069,plane
4070,horse
4071,horse
4072,dog
4073,frog
4074,frog
4075,truck
4076,deer
4077,dog
4078,plane
4079,plane
4080,horse
4081,horse
4082,deer
4083,truck
4084,truck
4085,dog
4086,truck
4087,bird
4088,dog
4089,plane
4090,bird
4091,cat
4092,ship
4093,bird
4094,car
4095,dog
4096,ship
4097,deer
4098,car
4099,plane
4100,cat
4101,deer
4102,deer
4103,bird
4104,cat
4105,car
4106,plane
4107,deer
4108,car
4109,frog
4110,bird
4111,ship
4112,dog
4113,frog
4114,cat
4115,dog
4116,cat
4117,car
4118,frog
4119,bird
4120,plane
4121,dog
4122,truck
4123,plane
4124,dog
4125,deer
4126,cat
4127,frog
4128,dog
4129,truck
4130,cat
4131,frog
4132,frog
4133,plane
4134,dog
4135,deer
4136,ship
4137,cat
4138,horse
4139,dog
4140,frog
4141,deer
4142,cat
4143,cat
4144,car
4145,deer
4146,cat
4147,truck
4148,deer
4149,frog
4150,frog
4151,bird
4152,plane
4153,truck
4154,plane
4155,car
4156,bird
4157,dog
4158,cat
4159,frog
4160,dog
4161,plane
4162,ship
4163,dog
4164,bird
4165,frog
4166,plane
4167,frog
4168,plane
4169,ship
4170,bird
4171,truck
4172,horse
4173,truck
4174,ship
4175,cat
4176,cat
4177,bird
4178,frog
4179,dog
4180,frog
4181,bird
4182,cat
4183,ship
4184,plane
4185,plane
4186,deer
4187,frog
4188,deer
4189,dog
4190,frog
4191,ship
4192,dog
4193,deer
4194,truck
4195,cat
4196,frog
4197,ship
4198,car
4199,truck
4200,cat
4201,plane
4202,plane
4203,car
4204,horse
4205,truck
4206,ship
4207,horse
4208,car
4209,truck
4210,frog
4211,deer
4212,frog
4213,ship
4214,ship
4215,car
4216,ship
4217,bird
4218,truck
4219,bird
4220,truck
4221,plane
4222,horse
4223,deer
4224,deer
4225,deer
4226,bird
4227,ship
4228,deer
4229,ship
4230,frog
4231,ship
4232,bird
4233,frog
4234,frog
4235,plane
4236,frog
4237,truck
4238,deer
4239,car
4240,bird
4241,truck
4242,truck
4243,cat
4244,plane
4245,car
4246,dog
4247,dog
4248,plane
4249,cat
4250,frog
4251,dog
4252,cat
4253,bird
4254,deer
4255,plane
4256,plane
4257,deer
4258,ship
4259,bird
4260,deer
4261,dog
4262,plane
4263,ship
4264,horse
4265,car
4266,plane
4267,deer
4268,ship
4269,ship
4270,dog
4271,frog
4272,bird
4273,plane
4274,car
4275,car
4276,bird
4277,ship
4278,horse
4279,truck
4280,frog
4281,cat
4282,frog
4283,deer
4284,deer
4285,deer
4286,plane
4287,dog
4288,truck
4289,dog
4290,horse
4291,deer
4292,plane
4293,truck
4294,ship
4295,deer
4296,plane
4297,dog
4298,bird
4299,plane
4300,plane
4301,cat
4302,truck
4303,deer
4304,horse
4305,frog
4306,car
4307,bird
4308,plane
4309,ship
4310,cat
4311,dog
4312,deer
4313,frog
4314,dog
4315,frog
4316,horse
4317,truck
4318,car
4319,ship
4320,cat
4321,ship
4322,plane
4323,car
4324,truck
4325,deer
4326,car
4327,cat
4328,horse
4329,plane
4330,horse
4331,truck
4332,bird
4333,ship
4334,ship
4335,cat
4336,frog
4337,bird
4338,truck
4339,ship
4340,car
4341,ship
4342,cat
4343,deer
4344,frog
4345,truck
4346,ship
4347,plane
4348,horse
4349,deer
4350,plane
4351,bird
4352,plane
4353,ship
4354,dog
4355,bird
4356,plane
4357,horse
4358,ship
4359,deer
4360,truck
4361,cat
4362,cat
4363,ship
4364,bird
4365,car
4366,bird
4367,cat
4368,deer
4369,car
4370,plane
4371,truck
4372,deer
4373,truck
4374,car
4375,horse
4376,frog
4377,cat
4378,plane
4379,ship
4380,horse
4381,cat
4382,cat
4383,deer
4384,car
4385,truck
4386,car
4387,horse
4388,bird
4389,plane
4390,ship
4391,truck
4392,truck
4393,truck
4394,dog
4395,frog
4396,dog
4397,frog
4398,frog
4399,truck
4400,plane
4401,plane
4402,cat
4403,truck
4404,truck
4405,plane
4406,deer
4407,horse
4408,deer
4409,bird
4410,deer
4411,ship
4412,dog
4413,deer
4414,ship
4415,ship
4416,dog
4417,frog
4418,deer
4419,car
4420,dog
4421,frog
4422,ship
4423,truck
4424,frog
4425,deer
4426,cat
4427,bird
4428,truck
4429,car
4430,ship
4431,bird
4432,cat
4433,car
4434,horse
4435,frog
4436,car
4437,frog
4438,dog
4439,horse
4440,truck
4441,truck
4442,plane
4443,truck
4444,deer
4445,dog
4446,bird
4447,plane
4448,plane
4449,frog
4450,bird
4451,frog
4452,dog
4453,plane
4454,dog
4455,truck
4456,bird
4457,horse
4458,cat
4459,frog
4460,car
4461,bird
4462,ship
4463,dog
4464,cat
4465,car
4466,dog
4467,frog
4468,horse
4469,frog
4470,deer
4471,deer
4472,dog
4473,deer
4474,cat
4475,plane
4476,dog
4477,truck
4478,frog
4479,frog
4480,horse
4481,bird
4482,car
4483,plane
4484,frog
4485,dog
4486,deer
4487,cat
4488,ship
4489,dog
4490,frog
4491,plane
4492,dog
4493,plane
4494,truck
4495,dog
4496,horse
4497,deer
4498,horse
4499,ship
4500,car
4501,plane
4502,frog
4503,truck
4504,car
4505,cat
4506,dog
4507,ship
4508,truck
4509,cat
4510,plane
4511,frog
4512,frog
4513,bird
4514,dog
4515,frog
4516,ship
4517,truck
4518,bird
4519,horse
4520,plane
4521,ship
4522,deer
4523,dog
4524,car
4525,frog
4526,bird
4527,car
4528,truck
4529,bird
4530,deer
4531,ship
4532,plane
4533,dog
4534,horse
4535,car
4536,bird
4537,truck
4538,deer
4539,deer
4540,ship
4541,car
4542,car
4543,plane
4544,bird
4545,cat
4546,cat
4547,ship
4548,truck
4549,bird
4550,horse
4551,dog
4552,truck
4553,frog
4554,dog
4555,plane
4556,car
4557,ship
4558,plane
4559,horse
4560,ship
4561,frog
4562,truck
4563,truck
4564,plane
4565,ship
4566,truck
4567,bird
4568,deer
4569,car
4570,bird
4571,deer
4572,frog
4573,ship
4574,frog
4575,bird
4576,frog
4577,cat
4578,cat
4579,plane
4580,ship
4581,plane
4582,frog
4583,horse
4584,plane
4585,truck
4586,truck
4587,bird
4588,ship
4589,frog
4590,truck
4591,frog
4592,horse
4593,truck
4594,truck
4595,frog
4596,ship
4597,deer
4598,truck
4599,truck
4600,deer
4601,dog
4602,frog
4603,car
4604,car
4605,ship
4606,cat
4607,truck
4608,deer
4609,dog
4610,plane
4611,horse
4612,frog
4613,plane
4614,cat
4615,car
4616,bird
4617,dog
4618,cat
4619,horse
4620,truck
4621,frog
4622,plane
4623,bird
4624,frog
4625,frog
4626,deer
4627,truck
4628,dog
4629,ship
4630,frog
4631,dog
4632,ship
4633,plane
4634,truck
4635,frog
4636,deer
4637,frog
4638,horse
4639,horse
4640,plane
4641,truck
4642,frog
4643,dog
4644,horse
4645,truck
4646,dog
4647,plane
4648,bird
4649,frog
4650,horse
4651,car
4652,frog
4653,bird
4654,deer
4655,ship
4656,bird
4657,deer
4658,truck
4659,horse
4660,frog
4661,car
4662,cat
4663,bird
4664,car
4665,cat
4666,horse
4667,dog
4668,truck
4669,truck
4670,car
4671,deer
4672,frog
4673,frog
4674,horse
4675,frog
4676,plane
4677,deer
4678,plane
4679,dog
4680,deer
4681,ship
4682,car
4683,bird
4684,frog
4685,bird
4686,ship
4687,deer
4688,dog
4689,dog
4690,plane
4691,truck
4692,truck
4693,horse
4694,frog
4695,cat
4696,cat
4697,deer
4698,cat
4699,dog
4700,plane
4701,frog
4702,dog
4703,deer
4704,bird
4705,ship
4706,cat
4707,horse
4708,ship
4709,plane
4710,cat
4711,frog
4712,ship
4713,car
4714,deer
4715,horse
4716,dog
4717,cat
4718,deer
4719,deer
4720,frog
4721,frog
4722,frog
4723,frog
4724,horse
4725,car
4726,plane
4727,frog
4728,frog
4729,cat
4730,car
4731,deer
4732,car
4733,bird
4734,horse
4735,horse
4736,car
4737,plane
4738,frog
4739,car
4740,dog
4741,bird
4742,truck
4743,plane
4744,ship
4745,truck
4746,truck
4747,frog
4748,truck
4749,ship
4750,plane
4751,cat
4752,dog
4753,bird
4754,car
4755,ship
4756,plane
4757,frog
4758,cat
4759,car
4760,horse
4761,ship
4762,deer
4763,cat
4764,deer
4765,truck
4766,frog
4767,car
4768,frog
4769,frog
4770,dog
4771,dog
4772,horse
4773,deer
4774,frog
4775,car
4776,truck
4777,plane
4778,frog
4779,truck
4780,plane
4781,frog
4782,truck
4783,deer
4784,bird
4785,deer
4786,frog
4787,truck
4788,deer
4789,truck
4790,car
4791,horse
4792,deer
4793,ship
4794,ship
4795,ship
4796,car
4797,car
4798,car
4799,dog
4800,dog
4801,cat
4802,cat
4803,frog
4804,plane
4805,dog
4806,plane
4807,frog
4808,car
4809,car
4810,frog
4811,cat
4812,car
4813,dog
4814,frog
4815,cat
4816,dog
4817,deer
4818,horse
4819,deer
4820,frog
4821,frog
4822,horse
4823,truck
4824,bird
4825,car
4826,cat
4827,ship
4828,ship
4829,frog
4830,bird
4831,bird
4832,bird
4833,plane
4834,deer
4835,dog
4836,horse
4837,ship
4838,horse
4839,ship
4840,plane
4841,dog
4842,plane
4843,cat
4844,deer
4845,bird
4846,dog
4847,truck
4848,plane
4849,frog
4850,ship
4851,cat
4852,dog
4853,plane
4854,ship
4855,car
4856,bird
4857,ship
4858,plane
4859,truck
4860,truck
4861,ship
4862,deer
4863,truck
4864,frog
4865,ship
4866,plane
4867,deer
4868,dog
4869,frog
4870,frog
4871,bird
4872,frog
4873,plane
4874,ship
4875,dog
4876,car
4877,car
4878,bird
4879,horse
4880,dog
4881,cat
4882,plane
4883,cat
4884,plane
4885,frog
4886,bird
4887,truck
4888,cat
4889,bird
4890,frog
4891,deer
4892,car
4893,horse
4894,plane
4895,horse
4896,horse
4897,car
4898,ship
4899,cat
4900,plane
4901,car
4902,frog
4903,dog
4904,truck
4905,bird
4906,dog
4907,dog
4908,truck
4909,bird
4910,frog
4911,bird
4912,dog
4913,horse
4914,horse
4915,truck
4916,dog
4917,car
4918,frog
4919,dog
4920,plane
4921,truck
4922,cat
4923,deer
4924,plane
4925,truck
4926,cat
4927,cat
4928,dog
4929,ship
4930,ship
4931,bird
4932,frog
4933,car
4934,horse
4935,plane
4936,frog
4937,cat
4938,deer
4939,dog
4940,truck
4941,frog
4942,dog
4943,truck
4944,car
4945,cat
4946,deer
4947,dog
4948,dog
4949,frog
4950,frog
4951,frog
4952,truck
4953,deer
4954,deer
4955,dog
4956,horse
4957,horse
4958,car
4959,frog
4960,plane
4961,ship
4962,horse
4963,deer
4964,ship
4965,ship
4966,plane
4967,ship
4968,ship
4969,frog
4970,truck
4971,dog
4972,car
4973,car
4974,frog
4975,truck
4976,deer
4977,frog
4978,cat
4979,plane
4980,car
4981,truck
4982,plane
4983,car
4984,horse
4985,ship
4986,truck
4987,frog
4988,deer
4989,truck
4990,truck
4991,ship
4992,cat
4993,ship
4994,dog
4995,frog
4996,deer
4997,frog
4998,plane
4999,plane
5000,deer
5001,frog
5002,horse
5003,dog
5004,horse
5005,deer
5006,truck
5007,horse
5008,plane
5009,deer
5010,truck
5011,frog
5012,dog
5013,car
5014,horse
5015,bird
5016,truck
5017,horse
5018,bird
5019,ship
5020,car
5021,car
5022,ship
5023,car
5024,dog
5025,ship
5026,frog
5027,deer
5028,frog
5029,frog
5030,truck
5031,ship
5032,deer
5033,car
5034,frog
5035,bird
5036,ship
5037,car
5038,plane
5039,frog
5040,cat
5041,horse
5042,horse
5043,ship
5044,cat
5045,horse
5046,truck
5047,frog
5048,frog
5049,plane
5050,truck
5051,deer
5052,car
5053,plane
5054,frog
5055,ship
5056,ship
5057,horse
5058,ship
5059,car
5060,cat
5061,car
5062,deer
5063,ship
5064,deer
5065,bird
5066,bird
5067,plane
5068,bird
5069,ship
5070,deer
5071,horse
5072,truck
5073,horse
5074,frog
5075,ship
5076,deer
5077,plane
5078,ship
5079,bird
5080,ship
5081,horse
5082,horse
5083,frog
5084,dog
5085,dog
5086,plane
5087,truck
5088,ship
5089,plane
5090,ship
5091,cat
5092,car
5093,car
5094,plane
5095,plane
5096,plane
5097,plane
5098,plane
5099,truck
5100,ship
5101,car
5102,ship
5103,car
5104,ship
5105,plane
5106,horse
5107,cat
5108,car
5109,deer
5110,car
5111,horse
5112,cat
5113,truck
5114,ship
5115,plane
5116,plane
5117,truck
5118,ship
5119,bird
5120,plane
5121,plane
5122,bird
5123,truck
5124,frog
5125,truck
5126,bird
5127,bird
5128,truck
5129,truck
5130,ship
5131,bird
5132,car
5133,car
5134,horse
5135,car
5136,cat
5137,horse
5138,car
5139,bird
5140,car
5141,frog
5142,cat
5143,dog
5144,truck
5145,truck
5146,horse
5147,plane
5148,ship
5149,horse
5150,deer
5151,cat
5152,plane
5153,truck
5154,car
5155,ship
5156,deer
5157,deer
5158,car
5159,horse
5160,car
5161,car
5162,dog
5163,plane
5164,ship
5165,ship
5166,ship
5167,bird
5168,deer
5169,truck
5170,frog
5171,plane
5172,bird
5173,frog
5174,dog
5175,frog
5176,horse
5177,truck
5178,ship
5179,car
5180,horse
5181,frog
5182,bird
5183,cat
5184,horse
5185,car
5186,deer
5187,deer
5188,plane
5189,ship
5190,car
5191,plane
5192,car
5193,frog
5194,frog
5195,horse
5196,dog
5197,deer
5198,deer
5199,plane
5200,plane
5201,ship
5202,dog
5203,cat
5204,plane
5205,bird
5206,plane
5207,deer
5208,cat
5209,cat
5210,cat
5211,deer
5212,truck
5213,horse
5214,frog
5215,plane
5216,cat
5217,car
5218,truck
5219,dog
5220,car
5221,cat
5222,bird
5223,dog
5224,truck
5225,cat
5226,bird
5227,frog
5228,car
5229,deer
5230,frog
5231,car
5232,frog
5233,horse
5234,car
5235,frog
5236,plane
5237,plane
5238,bird
5239,plane
5240,ship
5241,ship
5242,deer
5243,car
5244,frog
5245,truck
5246,cat
5247,frog
5248,plane
5249,bird
5250,horse
5251,bird
5252,frog
5253,dog
5254,truck
5255,deer
5256,car
5257,plane
5258,frog
5259,horse
5260,cat
5261,frog
5262,plane
5263,car
5264,deer
5265,ship
5266,horse
5267,bird
5268,frog
5269,dog
5270,plane
5271,bird
5272,deer
5273,car
5274,ship
5275,deer
5276,dog
5277,dog
5278,plane
5279,horse
5280,truck
5281,dog
5282,plane
5283,ship
5284,dog
5285,truck
5286,plane
5287,frog
5288,horse
5289,bird
5290,deer
5291,ship
5292,dog
5293,deer
5294,ship
5295,bird
5296,frog
5297,dog
5298,deer
5299,truck
5300,cat
5301,truck
5302,truck
5303,ship
5304,deer
5305,deer
5306,horse
5307,bird
5308,plane
5309,plane
5310,car
5311,bird
5312,horse
5313,frog
5314,truck
5315,plane
5316,horse
5317,truck
5318,deer
5319,ship
5320,ship
5321,truck
5322,dog
5323,truck
5324,dog
5325,ship
5326,bird
5327,frog
5328,dog
5329,dog
5330,plane
5331,horse
5332,truck
5333,car
5334,dog
5335,cat
5336,frog
5337,dog
5338,car
5339,horse
5340,cat
5341,ship
5342,car
5343,dog
5344,cat
5345,dog
5346,plane
5347,car
5348,plane
5349,cat
5350,plane
5351,truck
5352,frog
5353,ship
5354,deer
5355,truck
5356,horse
5357,truck
5358,bird
5359,dog
5360,bird
5361,bird
5362,dog
5363,plane
5364,cat
5365,dog
5366,cat
5367,plane
5368,ship
5369,plane
5370,bird
5371,dog
5372,car
5373,frog
5374,frog
5375,horse
5376,frog
5377,plane
5378,cat
5379,ship
5380,bird
5381,dog
5382,truck
5383,ship
5384,car
5385,car
5386,horse
5387,truck
5388,ship
5389,car
5390,horse
5391,cat
5392,frog
5393,plane
5394,truck
5395,car
5396,dog
5397,deer
5398,deer
5399,horse
5400,truck
5401,plane
5402,truck
5403,frog
5404,bird
5405,horse
5406,car
5407,frog
5408,bird
5409,truck
5410,truck
5411,truck
5412,plane
5413,frog
5414,car
5415,truck
5416,car
5417,plane
5418,frog
5419,dog
5420,ship
5421,frog
5422,ship
5423,car
5424,ship
5425,truck
5426,deer
5427,dog
5428,deer
5429,truck
5430,car
5431,car
5432,ship
5433,bird
5434,cat
5435,horse
5436,deer
5437,dog
5438,ship
5439,ship
5440,truck
5441,truck
5442,frog
5443,ship
5444,frog
5445,deer
5446,frog
5447,plane
5448,cat
5449,bird
5450,truck
5451,truck
5452,dog
5453,deer
5454,truck
5455,ship
5456,deer
5457,dog
5458,truck
5459,horse
5460,car
5461,truck
5462,plane
5463,cat
5464,ship
5465,ship
5466,bird
5467,ship
5468,cat
5469,ship
5470,dog
5471,cat
5472,dog
5473,car
5474,bird
5475,ship
5476,ship
5477,frog
5478,deer
5479,ship
5480,dog
5481,cat
5482,dog
5483,car
5484,plane
5485,cat
5486,horse
5487,frog
5488,bird
5489,truck
5490,plane
5491,car
5492,deer
5493,deer
5494,car
5495,dog
5496,deer
5497,plane
5498,ship
5499,dog
5500,plane
5501,car
5502,frog
5503,truck
5504,plane
5505,truck
5506,ship
5507,truck
5508,ship
5509,frog
5510,deer
5511,horse
5512,horse
5513,bird
5514,car
5515,frog
5516,deer
5517,ship
5518,frog
5519,plane
5520,ship
5521,horse
5522,frog
5523,deer
5524,cat
5525,car
5526,plane
5527,dog
5528,truck
5529,truck
5530,deer
5531,ship
5532,dog
5533,car
5534,truck
5535,car
5536,deer
5537,dog
5538,plane
5539,plane
5540,frog
5541,car
5542,ship
5543,dog
5544,bird
5545,truck
5546,bird
5547,frog
5548,horse
5549,plane
5550,horse
5551,truck
5552,horse
5553,truck
5554,ship
5555,plane
5556,plane
5557,ship
5558,deer
5559,plane
5560,deer
5561,bird
5562,deer
5563,bird
5564,ship
5565,frog
5566,ship
5567,bird
5568,truck
5569,dog
5570,plane
5571,truck
5572,horse
5573,truck
5574,truck
5575,truck
5576,plane
5577,horse
5578,frog
5579,frog
5580,frog
5581,deer
5582,cat
5583,truck
5584,truck
5585,truck
5586,truck
5587,frog
5588,frog
5589,truck
5590,deer
5591,bird
5592,truck
5593,frog
5594,deer
5595,horse
5596,horse
5597,car
5598,dog
5599,cat
5600,dog
5601,dog
5602,ship
5603,car
5604,car
5605,deer
5606,cat
5607,truck
5608,car
5609,deer
5610,frog
5611,truck
5612,horse
5613,ship
5614,cat
5615,truck
5616,truck
5617,horse
5618,car
5619,plane
5620,car
5621,bird
5622,deer
5623,plane
5624,frog
5625,bird
5626,ship
5627,bird
5628,dog
5629,car
5630,ship
5631,plane
5632,car
5633,plane
5634,dog
5635,plane
5636,bird
5637,ship
5638,deer
5639,frog
5640,horse
5641,bird
5642,dog
5643,car
5644,frog
5645,frog
5646,ship
5647,dog
5648,plane
5649,ship
5650,ship
5651,ship
5652,dog
5653,truck
5654,truck
5655,frog
5656,ship
5657,ship
5658,frog
5659,cat
5660,cat
5661,ship
5662,deer
5663,bird
5664,frog
5665,truck
5666,cat
5667,plane
5668,dog
5669,bird
5670,plane
5671,frog
5672,frog
5673,plane
5674,deer
5675,deer
5676,deer
5677,horse
5678,ship
5679,car
5680,cat
5681,deer
5682,frog
5683,dog
5684,horse
5685,bird
5686,horse
5687,ship
5688,truck
5689,dog
5690,frog
5691,plane
5692,cat
5693,car
5694,frog
5695,horse
5696,frog
5697,truck
5698,dog
5699,plane
5700,bird
5701,cat
5702,truck
5703,car
5704,truck
5705,frog
5706,plane
5707,horse
5708,truck
5709,car
5710,deer
5711,bird
5712,dog
5713,truck
5714,bird
5715,car
5716,truck
5717,cat
5718,frog
5719,truck
5720,dog
5721,ship
5722,cat
5723,plane
5724,horse
5725,bird
5726,frog
5727,frog
5728,truck
5729,cat
5730,deer
5731,bird
5732,bird
5733,car
5734,deer
5735,dog
5736,ship
5737,car
5738,plane
5739,ship
5740,truck
5741,ship
5742,truck
5743,ship
5744,cat
5745,deer
5746,car
5747,frog
5748,plane
5749,cat
5750,dog
5751,car
5752,horse
5753,frog
5754,frog
5755,plane
5756,truck
5757,ship
5758,horse
5759,deer
5760,cat
5761,dog
5762,frog
5763,dog
5764,truck
5765,bird
5766,truck
5767,frog
5768,cat
5769,frog
5770,cat
5771,truck
5772,plane
5773,deer
5774,frog
5775,horse
5776,truck
5777,car
5778,car
5779,deer
5780,bird
5781,car
5782,horse
5783,horse
5784,frog
5785,ship
5786,bird
5787,bird
5788,bird
5789,car
5790,ship
5791,deer
5792,deer
5793,cat
5794,car
5795,bird
5796,frog
5797,bird
5798,deer
5799,deer
5800,car
5801,bird
5802,bird
5803,dog
5804,ship
5805,plane
5806,dog
5807,dog
5808,frog
5809,horse
5810,ship
5811,plane
5812,ship
5813,car
5814,frog
5815,horse
5816,truck
5817,plane
5818,plane
5819,ship
5820,horse
5821,deer
5822,frog
5823,bird
5824,frog
5825,truck
5826,frog
5827,car
5828,car
5829,deer
5830,frog
5831,cat
5832,frog
5833,plane
5834,deer
5835,dog
5836,plane
5837,cat
5838,frog
5839,bird
5840,truck
5841,deer
5842,cat
5843,truck
5844,horse
5845,truck
5846,truck
5847,plane
5848,horse
5849,cat
5850,plane
5851,plane
5852,plane
5853,cat
5854,cat
5855,car
5856,cat
5857,dog
5858,deer
5859,frog
5860,ship
5861,car
5862,frog
5863,truck
5864,horse
5865,bird
5866,plane
5867,plane
5868,cat
5869,plane
5870,truck
5871,car
5872,car
5873,car
5874,cat
5875,car
5876,frog
5877,ship
5878,plane
5879,car
5880,frog
5881,horse
5882,cat
5883,dog
5884,deer
5885,bird
5886,bird
5887,dog
5888,cat
5889,ship
5890,truck
5891,plane
5892,ship
5893,plane
5894,ship
5895,frog
5896,frog
5897,deer
5898,frog
5899,horse
5900,truck
5901,plane
5902,ship
5903,deer
5904,cat
5905,dog
5906,horse
5907,truck
5908,dog
5909,frog
5910,plane
5911,car
5912,bird
5913,car
5914,bird
5915,deer
5916,ship
5917,horse
5918,deer
5919,bird
5920,plane
5921,frog
5922,dog
5923,car
5924,horse
5925,frog
5926,truck
5927,deer
5928,bird
5929,truck
5930,plane
5931,ship
5932,frog
5933,deer
5934,frog
5935,frog
5936,car
5937,car
5938,ship
5939,ship
5940,ship
5941,truck
5942,plane
5943,horse
5944,car
5945,horse
5946,ship
5947,ship
5948,plane
5949,plane
5950,deer
5951,cat
5952,ship
5953,deer
5954,horse
5955,bird
5956,deer
5957,ship
5958,ship
5959,horse
5960,deer
5961,plane
5962,frog
5963,cat
5964,horse
5965,horse
5966,ship
5967,frog
5968,frog
5969,ship
5970,truck
5971,car
5972,frog
5973,frog
5974,ship
5975,cat
5976,frog
5977,truck
5978,dog
5979,deer
5980,plane
5981,bird
5982,car
5983,frog
5984,ship
5985,deer
5986,ship
5987,plane
5988,bird
5989,ship
5990,plane
5991,ship
5992,dog
5993,ship
5994,dog
5995,cat
5996,car
5997,deer
5998,horse
5999,dog
6000,horse
6001,frog
6002,cat
6003,ship
6004,bird
6005,ship
6006,truck
6007,car
6008,deer
6009,dog
6010,deer
6011,dog
6012,ship
6013,frog
6014,cat
6015,plane
6016,dog
6017,dog
6018,cat
6019,deer
6020,plane
6021,frog
6022,truck
6023,cat
6024,cat
6025,deer
6026,horse
6027,truck
6028,car
6029,frog
6030,horse
6031,bird
6032,bird
6033,dog
6034,dog
6035,dog
6036,deer
6037,frog
6038,frog
6039,truck
6040,ship
6041,bird
6042,deer
6043,plane
6044,cat
6045,dog
6046,truck
6047,truck
6048,frog
6049,car
6050,plane
6051,ship
6052,bird
6053,frog
6054,cat
6055,horse
6056,frog
6057,deer
6058,horse
6059,car
6060,dog
6061,cat
6062,plane
6063,truck
6064,plane
6065,truck
6066,bird
6067,cat
6068,bird
6069,frog
6070,frog
6071,horse
6072,frog
6073,frog
6074,car
6075,frog
6076,frog
6077,plane
6078,truck
6079,plane
6080,horse
6081,dog
6082,dog
6083,frog
6084,dog
6085,frog
6086,frog
6087,cat
6088,truck
6089,deer
6090,truck
6091,plane
6092,dog
6093,deer
6094,plane
6095,truck
6096,bird
6097,bird
6098,truck
6099,bird
6100,truck
6101,frog
6102,deer
6103,truck
6104,plane
6105,deer
6106,plane
6107,ship
6108,deer
6109,car
6110,horse
6111,plane
6112,bird
6113,plane
6114,dog
6115,horse
6116,deer
6117,plane
6118,truck
6119,truck
6120,dog
6121,car
6122,bird
6123,dog
6124,frog
6125,deer
6126,dog
6127,ship
6128,plane
6129,horse
6130,car
6131,car
6132,ship
6133,bird
6134,dog
6135,ship
6136,bird
6137,bird
6138,cat
6139,frog
6140,dog
6141,ship
6142,car
6143,frog
6144,bird
6145,deer
6146,deer
6147,deer
6148,car
6149,plane
6150,car
6151,horse
6152,cat
6153,car
6154,ship
6155,dog
6156,dog
6157,dog
6158,horse
6159,plane
6160,plane
6161,frog
6162,bird
6163,dog
6164,cat
6165,car
6166,ship
6167,ship
6168,frog
6169,plane
6170,truck
6171,cat
6172,frog
6173,bird
6174,plane
6175,bird
6176,truck
6177,plane
6178,horse
6179,bird
6180,frog
6181,horse
6182,horse
6183,horse
6184,car
6185,dog
6186,plane
6187,bird
6188,ship
6189,horse
6190,ship
6191,horse
6192,frog
6193,truck
6194,dog
6195,frog
6196,bird
6197,cat
6198,truck
6199,plane
6200,frog
6201,deer
6202,cat
6203,truck
6204,deer
6205,truck
6206,truck
6207,bird
6208,deer
6209,cat
6210,car
6211,horse
6212,dog
6213,frog
6214,horse
6215,frog
6216,ship
6217,dog
6218,truck
6219,plane
6220,dog
6221,deer
6222,horse
6223,truck
6224,plane
6225,truck
6226,ship
6227,dog
6228,deer
6229,car
6230,car
6231,car
6232,bird
6233,deer
6234,plane
6235,bird
6236,bird
6237,plane
6238,ship
6239,frog
6240,ship
6241,ship
6242,cat
6243,truck
6244,truck
6245,bird
6246,cat
6247,plane
6248,dog
6249,dog
6250,truck
6251,truck
6252,truck
6253,truck
6254,plane
6255,cat
6256,car
6257,bird
6258,car
6259,bird
6260,truck
6261,deer
6262,deer
6263,plane
6264,car
6265,bird
6266,horse
6267,car
6268,horse
6269,horse
6270,bird
6271,plane
6272,bird
6273,horse
6274,truck
6275,frog
6276,cat
6277,truck
6278,dog
6279,cat
6280,truck
6281,frog
6282,cat
6283,dog
6284,frog
6285,cat
6286,ship
6287,frog
6288,frog
6289,car
6290,frog
6291,car
6292,dog
6293,car
6294,ship
6295,truck
6296,ship
6297,truck
6298,frog
6299,bird
6300,car
6301,plane
6302,dog
6303,frog
6304,plane
6305,dog
6306,truck
6307,car
6308,horse
6309,truck
6310,cat
6311,deer
6312,bird
6313,ship
6314,deer
6315,car
6316,truck
6317,ship
6318,car
6319,car
6320,bird
6321,truck
6322,frog
6323,frog
6324,dog
6325,horse
6326,deer
6327,truck
6328,frog
6329,dog
6330,deer
6331,dog
6332,truck
6333,deer
6334,car
6335,horse
6336,deer
6337,dog
6338,deer
6339,horse
6340,plane
6341,horse
6342,deer
6343,frog
6344,ship
6345,truck
6346,plane
6347,ship
6348,frog
6349,ship
6350,bird
6351,bird
6352,plane
6353,car
6354,cat
6355,plane
6356,car
6357,frog
6358,cat
6359,bird
6360,horse
6361,frog
6362,car
6363,truck
6364,ship
6365,car
6366,frog
6367,plane
6368,truck
6369,plane
6370,horse
6371,ship
6372,deer
6373,frog
6374,truck
6375,dog
6376,frog
6377,horse
6378,deer
6379,frog
6380,car
6381,deer
6382,bird
6383,plane
6384,deer
6385,frog
6386,cat
6387,cat
6388,frog
6389,cat
6390,plane
6391,ship
6392,truck
6393,frog
6394,truck
6395,dog
6396,horse
6397,cat
6398,ship
6399,frog
6400,frog
6401,plane
6402,bird
6403,cat
6404,deer
6405,deer
6406,frog
6407,cat
6408,plane
6409,truck
6410,plane
6411,frog
6412,deer
6413,truck
6414,dog
6415,frog
6416,truck
6417,car
6418,truck
6419,frog
6420,dog
6421,deer
6422,cat
6423,car
6424,frog
6425,frog
6426,dog
6427,horse
6428,ship
6429,car
6430,ship
6431,frog
6432,deer
6433,plane
6434,dog
6435,dog
6436,frog
6437,cat
6438,frog
6439,frog
6440,ship
6441,deer
6442,cat
6443,horse
6444,deer
6445,ship
6446,cat
6447,bird
6448,frog
6449,ship
6450,ship
6451,ship
6452,deer
6453,deer
6454,deer
6455,horse
6456,dog
6457,car
6458,frog
6459,deer
6460,dog
6461,car
6462,car
6463,car
6464,car
6465,deer
6466,bird
6467,ship
6468,frog
6469,plane
6470,cat
6471,cat
6472,truck
6473,car
6474,plane
6475,truck
6476,deer
6477,cat
6478,frog
6479,ship
6480,truck
6481,plane
6482,truck
6483,bird
6484,truck
6485,horse
6486,frog
6487,dog
6488,frog
6489,plane
6490,truck
6491,horse
6492,horse
6493,deer
6494,truck
6495,ship
6496,car
6497,deer
6498,frog
6499,horse
6500,horse
6501,dog
6502,car
6503,dog
6504,frog
6505,truck
6506,truck
6507,ship
6508,ship
6509,horse
6510,frog
6511,dog
6512,frog
6513,bird
6514,plane
6515,ship
6516,frog
6517,dog
6518,deer
6519,plane
6520,truck
6521,truck
6522,truck
6523,dog
6524,frog
6525,ship
6526,bird
6527,deer
6528,car
6529,truck
6530,horse
6531,car
6532,ship
6533,bird
6534,car
6535,cat
6536,cat
6537,truck
6538,deer
6539,ship
6540,car
6541,bird
6542,dog
6543,truck
6544,frog
6545,ship
6546,truck
6547,bird
6548,frog
6549,dog
6550,plane
6551,deer
6552,ship
6553,frog
6554,ship
6555,bird
6556,dog
6557,dog
6558,ship
6559,truck
6560,plane
6561,ship
6562,cat
6563,frog
6564,ship
6565,frog
6566,frog
6567,frog
6568,car
6569,bird
6570,frog
6571,deer
6572,ship
6573,ship
6574,plane
6575,plane
6576,car
6577,truck
6578,car
6579,frog
6580,plane
6581,cat
6582,horse
6583,deer
6584,ship
6585,dog
6586,car
6587,ship
6588,deer
6589,truck
6590,plane
6591,dog
6592,plane
6593,truck
6594,frog
6595,frog
6596,deer
6597,bird
6598,truck
6599,ship
6600,car
6601,truck
6602,ship
6603,deer
6604,frog
6605,bird
6606,plane
6607,bird
6608,car
6609,deer
6610,car
6611,bird
6612,ship
6613,frog
6614,horse
6615,truck
6616,plane
6617,frog
6618,truck
6619,horse
6620,cat
6621,dog
6622,frog
6623,dog
6624,frog
6625,horse
6626,horse
6627,horse
6628,dog
6629,plane
6630,car
6631,plane
6632,ship
6633,dog
6634,horse
6635,dog
6636,plane
6637,bird
6638,bird
6639,horse
6640,horse
6641,ship
6642,horse
6643,horse
6644,frog
6645,deer
6646,frog
6647,truck
6648,bird
6649,plane
6650,frog
6651,frog
6652,plane
6653,deer
6654,truck
6655,truck
6656,horse
6657,car
6658,deer
6659,dog
6660,truck
6661,horse
6662,horse
6663,frog
6664,dog
6665,dog
6666,ship
6667,plane
6668,frog
6669,ship
6670,dog
6671,bird
6672,dog
6673,deer
6674,dog
6675,frog
6676,dog
6677,car
6678,ship
6679,plane
6680,ship
6681,bird
6682,bird
6683,deer
6684,dog
6685,deer
6686,frog
6687,deer
6688,horse
6689,ship
6690,bird
6691,deer
6692,ship
6693,truck
6694,horse
6695,horse
6696,dog
6697,car
6698,ship
6699,ship
6700,plane
6701,plane
6702,frog
6703,truck
6704,ship
6705,plane
6706,truck
6707,frog
6708,bird
6709,bird
6710,plane
6711,plane
6712,dog
6713,plane
6714,plane
6715,frog
6716,frog
6717,frog
6718,frog
6719,horse
6720,horse
6721,plane
6722,plane
6723,ship
6724,cat
6725,dog
6726,deer
6727,dog
6728,ship
6729,deer
6730,truck
6731,plane
6732,truck
6733,car
6734,frog
6735,truck
6736,deer
6737,bird
6738,dog
6739,frog
6740,dog
6741,ship
6742,ship
6743,frog
6744,ship
6745,plane
6746,deer
6747,horse
6748,deer
6749,cat
6750,horse
6751,dog
6752,plane
6753,deer
6754,horse
6755,ship
6756,deer
6757,ship
6758,car
6759,dog
6760,ship
6761,plane
6762,horse
6763,plane
6764,deer
6765,frog
6766,horse
6767,horse
6768,plane
6769,horse
6770,ship
6771,deer
6772,bird
6773,frog
6774,deer
6775,frog
6776,truck
6777,plane
6778,plane
6779,deer
6780,ship
6781,truck
6782,bird
6783,ship
6784,ship
6785,plane
6786,car
6787,horse
6788,plane
6789,deer
6790,truck
6791,truck
6792,car
6793,plane
6794,truck
6795,truck
6796,plane
6797,dog
6798,ship
6799,plane
6800,deer
6801,cat
6802,bird
6803,ship
6804,truck
6805,dog
6806,frog
6807,truck
6808,ship
6809,frog
6810,ship
6811,deer
6812,cat
6813,deer
6814,truck
6815,frog
6816,truck
6817,bird
6818,cat
6819,horse
6820,deer
6821,truck
6822,ship
6823,frog
6824,horse
6825,frog
6826,cat
6827,horse
6828,bird
6829,cat
6830,deer
6831,bird
6832,car
6833,ship
6834,plane
6835,frog
6836,dog
6837,plane
6838,frog
6839,horse
6840,ship
6841,truck
6842,ship
6843,bird
6844,ship
6845,ship
6846,deer
6847,truck
6848,cat
6849,car
6850,car
6851,plane
6852,frog
6853,cat
6854,horse
6855,horse
6856,bird
6857,plane
6858,dog
6859,truck
6860,deer
6861,truck
6862,horse
6863,frog
6864,dog
6865,frog
6866,bird
6867,truck
6868,ship
6869,horse
6870,plane
6871,cat
6872,bird
6873,bird
6874,bird
6875,cat
6876,bird
6877,dog
6878,car
6879,horse
6880,bird
6881,bird
6882,deer
6883,horse
6884,horse
6885,cat
6886,ship
6887,deer
6888,dog
6889,car
6890,plane
6891,deer
6892,horse
6893,deer
6894,frog
6895,ship
6896,cat
6897,cat
6898,ship
6899,horse
6900,deer
6901,car
6902,plane
6903,truck
6904,deer
6905,plane
6906,car
6907,truck
6908,car
6909,deer
6910,horse
6911,ship
6912,car
6913,car
6914,cat
6915,bird
6916,deer
6917,deer
6918,frog
6919,plane
6920,plane
6921,truck
6922,car
6923,car
6924,plane
6925,truck
6926,frog
6927,bird
6928,cat
6929,ship
6930,truck
6931,deer
6932,truck
6933,car
6934,frog
6935,horse
6936,frog
6937,deer
6938,truck
6939,truck
6940,dog
6941,bird
6942,bird
6943,ship
6944,deer
6945,frog
6946,truck
6947,horse
6948,deer
6949,frog
6950,bird
6951,frog
6952,car
6953,plane
6954,car
6955,truck
6956,cat
6957,dog
6958,deer
6959,truck
6960,truck
6961,plane
6962,deer
6963,bird
6964,dog
6965,plane
6966,car
6967,cat
6968,plane
6969,car
6970,horse
6971,ship
6972,frog
6973,plane
6974,car
6975,ship
6976,dog
6977,frog
6978,plane
6979,ship
6980,deer
6981,bird
6982,frog
6983,plane
6984,frog
6985,plane
6986,cat
6987,truck
6988,cat
6989,deer
6990,horse
6991,car
6992,frog
6993,truck
6994,ship
6995,cat
6996,deer
6997,bird
6998,truck
6999,cat
7000,ship
7001,ship
7002,car
7003,plane
7004,dog
7005,bird
7006,truck
7007,dog
7008,frog
7009,bird
7010,plane
7011,frog
7012,ship
7013,cat
7014,bird
7015,ship
7016,cat
7017,frog
7018,plane
7019,frog
7020,horse
7021,bird
7022,bird
7023,dog
7024,cat
7025,dog
7026,dog
7027,deer
7028,bird
7029,deer
7030,ship
7031,frog
7032,plane
7033,plane
7034,ship
7035,bird
7036,cat
7037,dog
7038,bird
7039,deer
7040,deer
7041,cat
7042,horse
7043,car
7044,horse
7045,ship
7046,truck
7047,plane
7048,deer
7049,ship
7050,deer
7051,dog
7052,ship
7053,deer
7054,dog
7055,plane
7056,bird
7057,frog
7058,plane
7059,cat
7060,frog
7061,car
7062,car
7063,horse
7064,bird
7065,plane
7066,ship
7067,ship
7068,frog
7069,plane
7070,bird
7071,frog
7072,horse
7073,frog
7074,dog
7075,horse
7076,horse
7077,ship
7078,truck
7079,cat
7080,frog
7081,horse
7082,plane
7083,ship
7084,truck
7085,plane
7086,ship
7087,truck
7088,horse
7089,frog
7090,cat
7091,dog
7092,plane
7093,horse
7094,plane
7095,deer
7096,deer
7097,car
7098,bird
7099,cat
7100,ship
7101,plane
7102,cat
7103,truck
7104,car
7105,plane
7106,horse
7107,frog
7108,ship
7109,car
7110,truck
7111,plane
7112,car
7113,ship
7114,plane
7115,frog
7116,plane
7117,truck
7118,deer
7119,horse
7120,frog
7121,plane
7122,frog
7123,truck
7124,car
7125,frog
7126,horse
7127,ship
7128,horse
7129,dog
7130,truck
7131,dog
7132,frog
7133,truck
7134,horse
7135,bird
7136,car
7137,plane
7138,frog
7139,ship
7140,car
7141,frog
7142,car
7143,cat
7144,plane
7145,frog
7146,ship
7147,cat
7148,horse
7149,truck
7150,cat
7151,car
7152,dog
7153,horse
7154,plane
7155,ship
7156,ship
7157,plane
7158,deer
7159,truck
7160,truck
7161,plane
7162,deer
7163,horse
7164,horse
7165,ship
7166,deer
7167,truck
7168,frog
7169,car
7170,plane
7171,plane
7172,plane
7173,dog
7174,frog
7175,truck
7176,truck
7177,cat
7178,deer
7179,frog
7180,truck
7181,truck
7182,truck
7183,cat
7184,ship
7185,horse
7186,car
7187,cat
7188,bird
7189,frog
7190,car
7191,truck
7192,deer
7193,deer
7194,car
7195,plane
7196,car
7197,bird
7198,ship
7199,frog
7200,ship
7201,frog
7202,plane
7203,ship
7204,car
7205,dog
7206,truck
7207,plane
7208,plane
7209,truck
7210,deer
7211,deer
7212,cat
7213,deer
7214,ship
7215,ship
7216,truck
7217,dog
7218,cat
7219,ship
7220,frog
7221,horse
7222,frog
7223,truck
7224,frog
7225,ship
7226,deer
7227,plane
7228,dog
7229,frog
7230,dog
7231,car
7232,plane
7233,deer
7234,frog
7235,horse
7236,horse
7237,plane
7238,horse
7239,dog
7240,plane
7241,deer
7242,bird
7243,car
7244,bird
7245,horse
7246,plane
7247,frog
7248,car
7249,car
7250,bird
7251,horse
7252,frog
7253,plane
7254,plane
7255,dog
7256,truck
7257,horse
7258,deer
7259,frog
7260,horse
7261,bird
7262,ship
7263,truck
7264,horse
7265,ship
7266,cat
7267,ship
7268,car
7269,ship
7270,dog
7271,plane
7272,car
7273,bird
7274,car
7275,plane
7276,plane
7277,frog
7278,ship
7279,car
7280,ship
7281,frog
7282,deer
7283,bird
7284,cat
7285,plane
7286,ship
7287,horse
7288,bird
7289,dog
7290,plane
7291,frog
7292,ship
7293,horse
7294,horse
7295,cat
7296,bird
7297,ship
7298,frog
7299,ship
7300,horse
7301,truck
7302,deer
7303,bird
7304,car
7305,frog
7306,deer
7307,frog
7308,horse
7309,frog
7310,truck
7311,bird
7312,plane
7313,plane
7314,ship
7315,dog
7316,horse
7317,dog
7318,deer
7319,frog
7320,horse
7321,frog
7322,car
7323,frog
7324,ship
7325,dog
7326,plane
7327,dog
7328,truck
7329,truck
7330,deer
7331,bird
7332,bird
7333,ship
7334,deer
7335,ship
7336,frog
7337,cat
7338,ship
7339,dog
7340,bird
7341,dog
7342,car
7343,deer
7344,dog
7345,frog
7346,bird
7347,horse
7348,car
7349,ship
7350,deer
7351,cat
7352,plane
7353,bird
7354,deer
7355,car
7356,frog
7357,bird
7358,frog
7359,cat
7360,horse
7361,ship
7362,dog
7363,dog
7364,deer
7365,frog
7366,car
7367,dog
7368,bird
7369,dog
7370,bird
7371,horse
7372,deer
7373,car
7374,cat
7375,bird
7376,frog
7377,horse
7378,ship
7379,frog
7380,bird
7381,car
7382,truck
7383,horse
7384,car
7385,plane
7386,dog
7387,deer
7388,cat
7389,cat
7390,deer
7391,horse
7392,dog
7393,plane
7394,frog
7395,frog
7396,bird
7397,truck
7398,bird
7399,deer
7400,deer
7401,deer
7402,frog
7403,plane
7404,cat
7405,truck
7406,horse
7407,bird
7408,frog
7409,deer
7410,truck
7411,ship
7412,truck
7413,cat
7414,car
7415,frog
7416,dog
7417,car
7418,frog
7419,horse
7420,bird
7421,ship
7422,horse
7423,car
7424,truck
7425,cat
7426,bird
7427,dog
7428,horse
7429,frog
7430,deer
7431,truck
7432,frog
7433,frog
7434,truck
7435,truck
7436,plane
7437,truck
7438,dog
7439,truck
7440,bird
7441,dog
7442,frog
7443,dog
7444,frog
7445,truck
7446,truck
7447,frog
7448,car
7449,bird
7450,frog
7451,cat
7452,dog
7453,ship
7454,ship
7455,deer
7456,dog
7457,ship
7458,ship
7459,bird
7460,plane
7461,deer
7462,frog
7463,frog
7464,deer
7465,bird
7466,dog
7467,bird
7468,frog
7469,ship
7470,bird
7471,dog
7472,ship
7473,cat
7474,plane
7475,cat
7476,truck
7477,car
7478,frog
7479,bird
7480,bird
7481,cat
7482,deer
7483,frog
7484,truck
7485,truck
7486,horse
7487,frog
7488,deer
7489,ship
7490,frog
7491,dog
7492,cat
7493,truck
7494,frog
7495,plane
7496,frog
7497,bird
7498,bird
7499,cat
7500,car
7501,dog
7502,dog
7503,dog
7504,ship
7505,truck
7506,horse
7507,dog
7508,deer
7509,frog
7510,car
7511,truck
7512,cat
7513,frog
7514,plane
7515,horse
7516,frog
7517,car
7518,car
7519,deer
7520,dog
7521,cat
7522,car
7523,frog
7524,cat
7525,dog
7526,deer
7527,car
7528,frog
7529,dog
7530,frog
7531,plane
7532,dog
7533,frog
7534,ship
7535,truck
7536,frog
7537,ship
7538,dog
7539,bird
7540,horse
7541,frog
7542,truck
7543,truck
7544,frog
7545,horse
7546,bird
7547,plane
7548,deer
7549,truck
7550,truck
7551,truck
7552,bird
7553,frog
7554,cat
7555,frog
7556,car
7557,car
7558,frog
7559,bird
7560,truck
7561,deer
7562,plane
7563,ship
7564,plane
7565,bird
7566,frog
7567,frog
7568,truck
7569,deer
7570,dog
7571,horse
7572,frog
7573,plane
7574,plane
7575,bird
7576,bird
7577,truck
7578,plane
7579,plane
7580,frog
7581,dog
7582,horse
7583,plane
7584,car
7585,deer
7586,horse
7587,car
7588,deer
7589,deer
7590,frog
7591,bird
7592,frog
7593,car
7594,bird
7595,deer
7596,car
7597,plane
7598,frog
7599,bird
7600,car
7601,deer
7602,frog
7603,ship
7604,frog
7605,ship
7606,truck
7607,car
7608,car
7609,bird
7610,deer
7611,car
7612,horse
7613,frog
7614,dog
7615,horse
7616,deer
7617,frog
7618,plane
7619,frog
7620,cat
7621,frog
7622,frog
7623,horse
7624,car
7625,bird
7626,truck
7627,bird
7628,deer
7629,ship
7630,deer
7631,car
7632,car
7633,truck
7634,bird
7635,truck
7636,frog
7637,car
7638,bird
7639,plane
7640,plane
7641,dog
7642,frog
7643,horse
7644,plane
7645,horse
7646,frog
7647,truck
7648,cat
7649,deer
7650,cat
7651,cat
7652,car
7653,bird
7654,dog
7655,plane
7656,dog
7657,ship
7658,truck
7659,cat
7660,frog
7661,bird
7662,frog
7663,horse
7664,plane
7665,truck
7666,frog
7667,frog
7668,car
7669,dog
7670,truck
7671,ship
7672,plane
7673,ship
7674,horse
7675,ship
7676,dog
7677,frog
7678,dog
7679,cat
7680,deer
7681,bird
7682,frog
7683,bird
7684,bird
7685,bird
7686,dog
7687,frog
7688,ship
7689,plane
7690,frog
7691,plane
7692,deer
7693,bird
7694,horse
7695,bird
7696,cat
7697,dog
7698,truck
7699,horse
7700,cat
7701,truck
7702,truck
7703,ship
7704,ship
7705,car
7706,bird
7707,dog
7708,frog
7709,ship
7710,bird
7711,bird
7712,cat
7713,deer
7714,horse
7715,ship
7716,frog
7717,truck
7718,frog
7719,horse
7720,cat
7721,bird
7722,dog
7723,truck
7724,ship
7725,frog
7726,bird
7727,frog
7728,plane
7729,cat
7730,car
7731,ship
7732,frog
7733,frog
7734,deer
7735,cat
7736,cat
7737,frog
7738,ship
7739,dog
7740,ship
7741,deer
7742,truck
7743,plane
7744,deer
7745,frog
7746,truck
7747,deer
7748,bird
7749,frog
7750,truck
7751,plane
7752,plane
7753,ship
7754,deer
7755,frog
7756,car
7757,bird
7758,deer
7759,plane
7760,frog
7761,deer
7762,truck
7763,truck
7764,dog
7765,frog
7766,frog
7767,horse
7768,horse
7769,ship
7770,ship
7771,car
7772,truck
7773,truck
7774,cat
7775,horse
7776,horse
7777,dog
7778,plane
7779,cat
7780,cat
7781,dog
7782,ship
7783,dog
7784,deer
7785,deer
7786,horse
7787,truck
7788,horse
7789,deer
7790,cat
7791,plane
7792,bird
7793,ship
7794,cat
7795,cat
7796,horse
7797,frog
7798,truck
7799,bird
7800,ship
7801,truck
7802,frog
7803,deer
7804,cat
7805,horse
7806,deer
7807,truck
7808,cat
7809,truck
7810,plane
7811,truck
7812,deer
7813,horse
7814,horse
7815,frog
7816,frog
7817,truck
7818,deer
7819,car
7820,plane
7821,frog
7822,bird
7823,frog
7824,frog
7825,dog
7826,cat
7827,ship
7828,ship
7829,plane
7830,bird
7831,car
7832,bird
7833,bird
7834,ship
7835,truck
7836,truck
7837,bird
7838,plane
7839,dog
7840,truck
7841,car
7842,deer
7843,deer
7844,dog
7845,horse
7846,car
7847,deer
7848,deer
7849,dog
7850,frog
7851,ship
7852,deer
7853,car
7854,deer
7855,ship
7856,plane
7857,ship
7858,dog
7859,bird
7860,frog
7861,horse
7862,plane
7863,deer
7864,deer
7865,car
7866,ship
7867,dog
7868,ship
7869,bird
7870,ship
7871,car
7872,horse
7873,car
7874,truck
7875,bird
7876,horse
7877,deer
7878,ship
7879,horse
7880,plane
7881,truck
7882,bird
7883,horse
7884,frog
7885,deer
7886,dog
7887,car
7888,cat
7889,truck
7890,horse
7891,horse
7892,car
7893,frog
7894,horse
7895,car
7896,plane
7897,plane
7898,frog
7899,bird
7900,ship
7901,car
7902,deer
7903,ship
7904,deer
7905,dog
7906,car
7907,car
7908,deer
7909,dog
7910,truck
7911,frog
7912,cat
7913,bird
7914,frog
7915,horse
7916,ship
7917,plane
7918,dog
7919,truck
7920,ship
7921,truck
7922,bird
7923,car
7924,bird
7925,bird
7926,bird
7927,cat
7928,plane
7929,truck
7930,ship
7931,ship
7932,horse
7933,dog
7934,truck
7935,truck
7936,frog
7937,bird
7938,truck
7939,bird
7940,dog
7941,dog
7942,car
7943,truck
7944,frog
7945,frog
7946,bird
7947,ship
7948,plane
7949,deer
7950,cat
7951,bird
7952,car
7953,ship
7954,cat
7955,ship
7956,plane
7957,plane
7958,cat
7959,dog
7960,plane
7961,plane
7962,deer
7963,car
7964,frog
7965,plane
7966,cat
7967,plane
7968,deer
7969,truck
7970,ship
7971,frog
7972,truck
7973,car
7974,truck
7975,car
7976,cat
7977,car
7978,car
7979,truck
7980,deer
7981,truck
7982,horse
7983,horse
7984,cat
7985,frog
7986,bird
7987,deer
7988,truck
7989,frog
7990,horse
7991,deer
7992,bird
7993,frog
7994,truck
7995,dog
7996,frog
7997,truck
7998,car
7999,truck
8000,frog
8001,cat
8002,ship
8003,plane
8004,ship
8005,truck
8006,horse
8007,ship
8008,truck
8009,ship
8010,horse
8011,horse
8012,dog
8013,ship
8014,truck
8015,frog
8016,bird
8017,plane
8018,plane
8019,ship
8020,plane
8021,frog
8022,horse
8023,ship
8024,car
8025,ship
8026,dog
8027,truck
8028,cat
8029,car
8030,bird
8031,dog
8032,dog
8033,deer
8034,deer
8035,car
8036,car
8037,deer
8038,bird
8039,dog
8040,frog
8041,plane
8042,truck
8043,deer
8044,frog
8045,bird
8046,bird
8047,car
8048,car
8049,frog
8050,frog
8051,car
8052,frog
8053,dog
8054,ship
8055,truck
8056,cat
8057,cat
8058,frog
8059,cat
8060,plane
8061,cat
8062,plane
8063,deer
8064,bird
8065,plane
8066,horse
8067,truck
8068,horse
8069,ship
8070,bird
8071,dog
8072,deer
8073,frog
8074,dog
8075,ship
8076,horse
8077,ship
8078,frog
8079,bird
8080,truck
8081,plane
8082,cat
8083,bird
8084,ship
8085,car
8086,truck
8087,plane
8088,ship
8089,truck
8090,frog
8091,horse
8092,ship
8093,ship
8094,frog
8095,ship
8096,horse
8097,bird
8098,frog
8099,ship
8100,car
8101,frog
8102,frog
8103,frog
8104,truck
8105,frog
8106,truck
8107,bird
8108,deer
8109,truck
8110,car
8111,ship
8112,truck
8113,car
8114,car
8115,frog
8116,dog
8117,car
8118,deer
8119,cat
8120,plane
8121,frog
8122,bird
8123,frog
8124,plane
8125,car
8126,plane
8127,ship
8128,car
8129,frog
8130,ship
8131,dog
8132,bird
8133,horse
8134,cat
8135,frog
8136,frog
8137,bird
8138,plane
8139,car
8140,horse
8141,cat
8142,plane
8143,horse
8144,plane
8145,frog
8146,ship
8147,deer
8148,ship
8149,deer
8150,frog
8151,horse
8152,car
8153,truck
8154,frog
8155,cat
8156,dog
8157,car
8158,ship
8159,bird
8160,dog
8161,plane
8162,truck
8163,frog
8164,dog
8165,frog
8166,car
8167,car
8168,deer
8169,bird
8170,frog
8171,frog
8172,ship
8173,horse
8174,ship
8175,plane
8176,cat
8177,frog
8178,frog
8179,frog
8180,dog
8181,ship
8182,truck
8183,truck
8184,ship
8185,cat
8186,frog
8187,ship
8188,truck
8189,deer
8190,car
8191,plane
8192,dog
8193,cat
8194,cat
8195,horse
8196,car
8197,car
8198,deer
8199,dog
8200,bird
8201,dog
8202,car
8203,ship
8204,ship
8205,horse
8206,frog
8207,truck
8208,horse
8209,dog
8210,deer
8211,horse
8212,bird
8213,bird
8214,plane
8215,dog
8216,bird
8217,ship
8218,frog
8219,truck
8220,car
8221,horse
8222,bird
8223,dog
8224,truck
8225,truck
8226,horse
8227,ship
8228,ship
8229,frog
8230,plane
8231,cat
8232,frog
8233,frog
8234,horse
8235,deer
8236,horse
8237,horse
8238,bird
8239,horse
8240,truck
8241,ship
8242,deer
8243,dog
8244,frog
8245,truck
8246,dog
8247,cat
8248,deer
8249,plane
8250,deer
8251,truck
8252,ship
8253,car
8254,car
8255,dog
8256,ship
8257,cat
8258,horse
8259,deer
8260,horse
8261,bird
8262,bird
8263,horse
8264,car
8265,ship
8266,bird
8267,bird
8268,plane
8269,ship
8270,bird
8271,horse
8272,car
8273,dog
8274,deer
8275,truck
8276,ship
8277,plane
8278,cat
8279,plane
8280,plane
8281,bird
8282,ship
8283,ship
8284,car
8285,car
8286,deer
8287,ship
8288,frog
8289,cat
8290,dog
8291,dog
8292,truck
8293,truck
8294,truck
8295,frog
8296,car
8297,deer
8298,frog
8299,bird
8300,truck
8301,plane
8302,ship
8303,bird
8304,frog
8305,plane
8306,dog
8307,car
8308,frog
8309,bird
8310,plane
8311,deer
8312,horse
8313,dog
8314,plane
8315,truck
8316,dog
8317,horse
8318,plane
8319,frog
8320,truck
8321,truck
8322,frog
8323,bird
8324,truck
8325,truck
8326,car
8327,car
8328,frog
8329,bird
8330,truck
8331,deer
8332,truck
8333,plane
8334,truck
8335,cat
8336,ship
8337,deer
8338,deer
8339,truck
8340,horse
8341,car
8342,deer
8343,truck
8344,frog
8345,cat
8346,bird
8347,dog
8348,ship
8349,horse
8350,deer
8351,car
8352,frog
8353,truck
8354,frog
8355,truck
8356,cat
8357,bird
8358,truck
8359,car
8360,frog
8361,frog
8362,horse
8363,plane
8364,dog
8365,car
8366,plane
8367,plane
8368,frog
8369,cat
8370,truck
8371,bird
8372,dog
8373,truck
8374,bird
8375,frog
8376,ship
8377,truck
8378,frog
8379,horse
8380,car
8381,truck
8382,ship
8383,truck
8384,frog
8385,dog
8386,frog
8387,deer
8388,bird
8389,frog
8390,cat
8391,car
8392,truck
8393,ship
8394,ship
8395,deer
8396,ship
8397,plane
8398,bird
8399,deer
8400,car
8401,frog
8402,frog
8403,cat
8404,bird
8405,car
8406,plane
8407,plane
8408,frog
8409,horse
8410,frog
8411,frog
8412,ship
8413,bird
8414,dog
8415,frog
8416,car
8417,frog
8418,truck
8419,deer
8420,cat
8421,plane
8422,ship
8423,plane
8424,car
8425,cat
8426,ship
8427,plane
8428,cat
8429,deer
8430,ship
8431,dog
8432,truck
8433,truck
8434,cat
8435,truck
8436,frog
8437,truck
8438,plane
8439,frog
8440,ship
8441,frog
8442,plane
8443,deer
8444,ship
8445,deer
8446,bird
8447,dog
8448,truck
8449,truck
8450,bird
8451,frog
8452,horse
8453,ship
8454,frog
8455,dog
8456,car
8457,deer
8458,ship
8459,plane
8460,car
8461,frog
8462,car
8463,plane
8464,deer
8465,horse
8466,deer
8467,frog
8468,plane
8469,bird
8470,truck
8471,frog
8472,frog
8473,frog
8474,bird
8475,plane
8476,frog
8477,dog
8478,deer
8479,plane
8480,frog
8481,truck
8482,ship
8483,horse
8484,ship
8485,plane
8486,frog
8487,frog
8488,frog
8489,frog
8490,truck
8491,dog
8492,frog
8493,deer
8494,deer
8495,dog
8496,cat
8497,frog
8498,plane
8499,ship
8500,ship
8501,horse
8502,ship
8503,truck
8504,ship
8505,ship
8506,car
8507,horse
8508,truck
8509,ship
8510,horse
8511,bird
8512,car
8513,truck
8514,bird
8515,dog
8516,car
8517,ship
8518,bird
8519,horse
8520,truck
8521,dog
8522,horse
8523,cat
8524,deer
8525,car
8526,truck
8527,deer
8528,deer
8529,frog
8530,dog
8531,truck
8532,dog
8533,car
8534,deer
8535,truck
8536,bird
8537,bird
8538,bird
8539,cat
8540,frog
8541,bird
8542,ship
8543,dog
8544,cat
8545,bird
8546,dog
8547,truck
8548,dog
8549,horse
8550,truck
8551,plane
8552,frog
8553,dog
8554,frog
8555,frog
8556,bird
8557,bird
8558,dog
8559,ship
8560,cat
8561,plane
8562,ship
8563,horse
8564,truck
8565,frog
8566,frog
8567,frog
8568,frog
8569,bird
8570,cat
8571,horse
8572,truck
8573,deer
8574,horse
8575,ship
8576,horse
8577,plane
8578,ship
8579,truck
8580,dog
8581,bird
8582,cat
8583,ship
8584,horse
8585,bird
8586,ship
8587,truck
8588,bird
8589,dog
8590,dog
8591,dog
8592,deer
8593,plane
8594,deer
8595,plane
8596,frog
8597,frog
8598,plane
8599,dog
8600,dog
8601,deer
8602,dog
8603,car
8604,ship
8605,bird
8606,truck
8607,horse
8608,car
8609,cat
8610,bird
8611,plane
8612,cat
8613,deer
8614,ship
8615,dog
8616,bird
8617,plane
8618,truck
8619,frog
8620,plane
8621,horse
8622,ship
8623,bird
8624,plane
8625,truck
8626,frog
8627,frog
8628,truck
8629,horse
8630,dog
8631,cat
8632,horse
8633,deer
8634,plane
8635,frog
8636,plane
8637,horse
8638,bird
8639,truck
8640,horse
8641,car
8642,car
8643,car
8644,cat
8645,dog
8646,bird
8647,car
8648,truck
8649,car
8650,cat
8651,ship
8652,bird
8653,plane
8654,ship
8655,plane
8656,deer
8657,plane
8658,car
8659,truck
8660,frog
8661,bird
8662,bird
8663,deer
8664,frog
8665,horse
8666,cat
8667,ship
8668,truck
8669,horse
8670,ship
8671,horse
8672,car
8673,horse
8674,frog
8675,bird
8676,truck
8677,ship
8678,ship
8679,bird
8680,deer
8681,car
8682,ship
8683,truck
8684,ship
8685,bird
8686,horse
8687,frog
8688,ship
8689,frog
8690,cat
8691,cat
8692,frog
8693,dog
8694,truck
8695,cat
8696,cat
8697,truck
8698,cat
8699,cat
8700,cat
8701,dog
8702,plane
8703,deer
8704,frog
8705,bird
8706,ship
8707,horse
8708,deer
8709,frog
8710,horse
8711,horse
8712,horse
8713,ship
8714,ship
8715,frog
8716,ship
8717,dog
8718,car
8719,deer
8720,truck
8721,deer
8722,plane
8723,cat
8724,frog
8725,car
8726,ship
8727,frog
8728,truck
8729,car
8730,horse
8731,bird
8732,car
8733,plane
8734,dog
8735,deer
8736,cat
8737,frog
8738,bird
8739,frog
8740,ship
8741,car
8742,car
8743,truck
8744,car
8745,deer
8746,plane
8747,horse
8748,horse
8749,bird
8750,dog
8751,car
8752,bird
8753,bird
8754,car
8755,horse
8756,dog
8757,frog
8758,frog
8759,truck
8760,plane
8761,dog
8762,ship
8763,frog
8764,truck
8765,horse
8766,truck
8767,plane
8768,ship
8769,frog
8770,car
8771,frog
8772,car
8773,frog
8774,car
8775,bird
8776,dog
8777,bird
8778,plane
8779,truck
8780,frog
8781,cat
8782,horse
8783,plane
8784,frog
8785,car
8786,bird
8787,dog
8788,deer
8789,truck
8790,deer
8791,bird
8792,cat
8793,frog
8794,ship
8795,dog
8796,frog
8797,frog
8798,frog
8799,plane
8800,car
8801,plane
8802,frog
8803,car
8804,truck
8805,truck
8806,car
8807,bird
8808,plane
8809,horse
8810,cat
8811,horse
8812,bird
8813,frog
8814,deer
8815,frog
8816,car
8817,horse
8818,deer
8819,horse
8820,frog
8821,ship
8822,cat
8823,bird
8824,deer
8825,cat
8826,horse
8827,bird
8828,deer
8829,dog
8830,horse
8831,car
8832,horse
8833,plane
8834,cat
8835,bird
8836,cat
8837,bird
8838,truck
8839,ship
8840,ship
8841,frog
8842,frog
8843,deer
8844,deer
8845,bird
8846,car
8847,deer
8848,ship
8849,plane
8850,ship
8851,dog
8852,ship
8853,truck
8854,frog
8855,deer
8856,truck
8857,plane
8858,truck
8859,deer
8860,frog
8861,truck
8862,frog
8863,car
8864,plane
8865,bird
8866,ship
8867,plane
8868,car
8869,bird
8870,cat
8871,horse
8872,car
8873,ship
8874,cat
8875,frog
8876,ship
8877,bird
8878,dog
8879,bird
8880,frog
8881,frog
8882,truck
8883,frog
8884,bird
8885,frog
8886,plane
8887,frog
8888,deer
8889,frog
8890,plane
8891,frog
8892,frog
8893,plane
8894,truck
8895,plane
8896,ship
8897,car
8898,bird
8899,ship
8900,ship
8901,truck
8902,frog
8903,deer
8904,truck
8905,deer
8906,car
8907,cat
8908,deer
8909,deer
8910,bird
8911,truck
8912,plane
8913,horse
8914,bird
8915,plane
8916,truck
8917,truck
8918,deer
8919,truck
8920,dog
8921,truck
8922,truck
8923,dog
8924,ship
8925,plane
8926,horse
8927,truck
8928,truck
8929,bird
8930,deer
8931,bird
8932,ship
8933,car
8934,car
8935,dog
8936,ship
8937,frog
8938,bird
8939,truck
8940,cat
8941,deer
8942,frog
8943,car
8944,ship
8945,plane
8946,plane
8947,horse
8948,frog
8949,cat
8950,truck
8951,truck
8952,ship
8953,ship
8954,frog
8955,frog
8956,ship
8957,bird
8958,plane
8959,frog
8960,plane
8961,ship
8962,deer
8963,frog
8964,bird
8965,car
8966,horse
8967,horse
8968,ship
8969,plane
8970,truck
8971,ship
8972,dog
8973,car
8974,car
8975,deer
8976,frog
8977,bird
8978,cat
8979,bird
8980,deer
8981,plane
8982,plane
8983,bird
8984,frog
8985,horse
8986,car
8987,deer
8988,ship
8989,frog
8990,dog
8991,cat
8992,truck
8993,cat
8994,ship
8995,deer
8996,bird
8997,truck
8998,dog
8999,car
9000,car
9001,deer
9002,ship
9003,plane
9004,dog
9005,bird
9006,cat
9007,bird
9008,dog
9009,bird
9010,bird
9011,horse
9012,ship
9013,horse
9014,truck
9015,cat
9016,truck
9017,car
9018,cat
9019,bird
9020,frog
9021,dog
9022,plane
9023,dog
9024,truck
9025,dog
9026,plane
9027,ship
9028,plane
9029,truck
9030,frog
9031,frog
9032,horse
9033,deer
9034,horse
9035,horse
9036,dog
9037,ship
9038,cat
9039,ship
9040,truck
9041,frog
9042,ship
9043,frog
9044,horse
9045,plane
9046,deer
9047,truck
9048,frog
9049,car
9050,car
9051,dog
9052,ship
9053,ship
9054,dog
9055,deer
9056,deer
9057,deer
9058,cat
9059,horse
9060,truck
9061,bird
9062,cat
9063,frog
9064,ship
9065,plane
9066,horse
9067,cat
9068,ship
9069,frog
9070,deer
9071,dog
9072,car
9073,plane
9074,plane
9075,frog
9076,horse
9077,car
9078,ship
9079,car
9080,dog
9081,bird
9082,truck
9083,ship
9084,frog
9085,car
9086,frog
9087,bird
9088,frog
9089,bird
9090,dog
9091,ship
9092,car
9093,plane
9094,truck
9095,frog
9096,deer
9097,plane
9098,car
9099,frog
9100,dog
9101,ship
9102,plane
9103,truck
9104,frog
9105,frog
9106,frog
9107,cat
9108,truck
9109,car
9110,plane
9111,car
9112,dog
9113,bird
9114,ship
9115,dog
9116,plane
9117,horse
9118,truck
9119,car
9120,ship
9121,ship
9122,cat
9123,plane
9124,deer
9125,frog
9126,horse
9127,cat
9128,deer
9129,dog
9130,horse
9131,truck
9132,deer
9133,ship
9134,horse
9135,deer
9136,truck
9137,deer
9138,dog
9139,plane
9140,truck
9141,deer
9142,truck
9143,car
9144,frog
9145,truck
9146,cat
9147,frog
9148,plane
9149,ship
9150,deer
9151,ship
9152,car
9153,ship
9154,frog
9155,horse
9156,frog
9157,dog
9158,frog
9159,ship
9160,ship
9161,bird
9162,cat
9163,frog
9164,frog
9165,deer
9166,bird
9167,frog
9168,car
9169,dog
9170,horse
9171,horse
9172,dog
9173,car
9174,horse
9175,horse
9176,cat
9177,car
9178,frog
9179,car
9180,ship
9181,car
9182,frog
9183,horse
9184,frog
9185,car
9186,dog
9187,ship
9188,deer
9189,plane
9190,ship
9191,horse
9192,truck
9193,horse
9194,deer
9195,frog
9196,frog
9197,ship
9198,plane
9199,ship
9200,plane
9201,cat
9202,dog
9203,truck
9204,frog
9205,horse
9206,deer
9207,cat
9208,deer
9209,deer
9210,cat
9211,frog
9212,frog
9213,bird
9214,car
9215,cat
9216,ship
9217,truck
9218,frog
9219,deer
9220,plane
9221,plane
9222,horse
9223,truck
9224,plane
9225,deer
9226,truck
9227,ship
9228,ship
9229,bird
9230,deer
9231,frog
9232,truck
9233,deer
9234,car
9235,truck
9236,car
9237,plane
9238,truck
9239,ship
9240,truck
9241,deer
9242,ship
9243,truck
9244,bird
9245,cat
9246,ship
9247,frog
9248,horse
9249,cat
9250,plane
9251,cat
9252,ship
9253,frog
9254,horse
9255,cat
9256,truck
9257,car
9258,truck
9259,deer
9260,ship
9261,dog
9262,cat
9263,dog
9264,plane
9265,car
9266,plane
9267,dog
9268,bird
9269,bird
9270,frog
9271,dog
9272,cat
9273,truck
9274,frog
9275,bird
9276,cat
9277,plane
9278,ship
9279,truck
9280,frog
9281,frog
9282,car
9283,dog
9284,bird
9285,ship
9286,car
9287,plane
9288,cat
9289,frog
9290,plane
9291,deer
9292,truck
9293,frog
9294,horse
9295,dog
9296,horse
9297,horse
9298,deer
9299,deer
9300,truck
9301,horse
9302,horse
9303,frog
9304,horse
9305,horse
9306,dog
9307,frog
9308,car
9309,deer
9310,plane
9311,frog
9312,bird
9313,plane
9314,car
9315,deer
9316,plane
9317,truck
9318,bird
9319,horse
9320,cat
9321,plane
9322,dog
9323,dog
9324,truck
9325,bird
9326,bird
9327,horse
9328,bird
9329,dog
9330,car
9331,truck
9332,truck
9333,dog
9334,cat
9335,horse
9336,dog
9337,frog
9338,frog
9339,bird
9340,truck
9341,plane
9342,truck
9343,plane
9344,frog
9345,deer
9346,horse
9347,car
9348,frog
9349,cat
9350,truck
9351,frog
9352,deer
9353,dog
9354,truck
9355,truck
9356,dog
9357,frog
9358,frog
9359,car
9360,ship
9361,plane
9362,cat
9363,truck
9364,ship
9365,deer
9366,deer
9367,bird
9368,bird
9369,plane
9370,frog
9371,dog
9372,cat
9373,ship
9374,plane
9375,ship
9376,dog
9377,dog
9378,car
9379,truck
9380,truck
9381,cat
9382,horse
9383,car
9384,ship
9385,bird
9386,frog
9387,bird
9388,car
9389,ship
9390,bird
9391,frog
9392,dog
9393,bird
9394,deer
9395,car
9396,truck
9397,truck
9398,frog
9399,ship
9400,cat
9401,deer
9402,car
9403,truck
9404,cat
9405,bird
9406,ship
9407,horse
9408,ship
9409,dog
9410,ship
9411,truck
9412,frog
9413,horse
9414,truck
9415,cat
9416,deer
9417,horse
9418,frog
9419,truck
9420,car
9421,frog
9422,plane
9423,bird
9424,frog
9425,frog
9426,plane
9427,plane
9428,car
9429,deer
9430,dog
9431,ship
9432,dog
9433,bird
9434,horse
9435,frog
9436,ship
9437,horse
9438,dog
9439,frog
9440,cat
9441,frog
9442,truck
9443,dog
9444,deer
9445,plane
9446,plane
9447,dog
9448,truck
9449,truck
9450,frog
9451,bird
9452,car
9453,plane
9454,dog
9455,truck
9456,frog
9457,frog
9458,car
9459,plane
9460,deer
9461,frog
9462,horse
9463,bird
9464,frog
9465,frog
9466,deer
9467,dog
9468,car
9469,dog
9470,plane
9471,truck
9472,deer
9473,ship
9474,ship
9475,car
9476,ship
9477,deer
9478,truck
9479,ship
9480,ship
9481,plane
9482,frog
9483,cat
9484,plane
9485,horse
9486,frog
9487,cat
9488,ship
9489,deer
9490,horse
9491,bird
9492,truck
9493,deer
9494,ship
9495,frog
9496,cat
9497,horse
9498,plane
9499,bird
9500,truck
9501,horse
9502,deer
9503,horse
9504,plane
9505,ship
9506,car
9507,cat
9508,deer
9509,car
9510,truck
9511,dog
9512,dog
9513,dog
9514,horse
9515,truck
9516,dog
9517,frog
9518,deer
9519,dog
9520,dog
9521,dog
9522,plane
9523,car
9524,frog
9525,truck
9526,cat
9527,truck
9528,plane
9529,car
9530,truck
9531,cat
9532,truck
9533,plane
9534,frog
9535,ship
9536,plane
9537,ship
9538,plane
9539,dog
9540,deer
9541,dog
9542,horse
9543,dog
9544,ship
9545,deer
9546,ship
9547,plane
9548,truck
9549,truck
9550,plane
9551,truck
9552,bird
9553,deer
9554,deer
9555,bird
9556,cat
9557,deer
9558,deer
9559,truck
9560,truck
9561,dog
9562,frog
9563,cat
9564,bird
9565,ship
9566,cat
9567,bird
9568,deer
9569,bird
9570,bird
9571,ship
9572,cat
9573,plane
9574,dog
9575,ship
9576,cat
9577,cat
9578,frog
9579,plane
9580,frog
9581,ship
9582,car
9583,frog
9584,horse
9585,car
9586,frog
9587,horse
9588,frog
9589,truck
9590,bird
9591,plane
9592,bird
9593,bird
9594,plane
9595,car
9596,deer
9597,deer
9598,bird
9599,dog
9600,dog
9601,deer
9602,cat
9603,truck
9604,bird
9605,frog
9606,dog
9607,deer
9608,cat
9609,car
9610,frog
9611,ship
9612,frog
9613,truck
9614,truck
9615,frog
9616,bird
9617,car
9618,deer
9619,horse
9620,deer
9621,horse
9622,truck
9623,truck
9624,frog
9625,deer
9626,truck
9627,plane
9628,dog
9629,deer
9630,bird
9631,bird
9632,truck
9633,ship
9634,bird
9635,car
9636,truck
9637,horse
9638,frog
9639,bird
9640,bird
9641,car
9642,deer
9643,bird
9644,ship
9645,ship
9646,car
9647,bird
9648,plane
9649,bird
9650,horse
9651,horse
9652,plane
9653,horse
9654,bird
9655,plane
9656,car
9657,cat
9658,frog
9659,dog
9660,deer
9661,horse
9662,deer
9663,cat
9664,plane
9665,cat
9666,cat
9667,car
9668,deer
9669,frog
9670,deer
9671,horse
9672,truck
9673,frog
9674,truck
9675,dog
9676,frog
9677,deer
9678,frog
9679,dog
9680,truck
9681,bird
9682,deer
9683,horse
9684,cat
9685,deer
9686,cat
9687,car
9688,bird
9689,horse
9690,frog
9691,truck
9692,car
9693,bird
9694,frog
9695,bird
9696,frog
9697,car
9698,car
9699,frog
9700,car
9701,horse
9702,dog
9703,plane
9704,bird
9705,plane
9706,ship
9707,cat
9708,horse
9709,ship
9710,truck
9711,truck
9712,ship
9713,dog
9714,bird
9715,horse
9716,bird
9717,ship
9718,plane
9719,frog
9720,truck
9721,bird
9722,frog
9723,deer
9724,ship
9725,ship
9726,dog
9727,ship
9728,truck
9729,horse
9730,plane
9731,deer
9732,deer
9733,plane
9734,cat
9735,ship
9736,frog
9737,deer
9738,car
9739,deer
9740,frog
9741,plane
9742,car
9743,car
9744,dog
9745,plane
9746,frog
9747,plane
9748,deer
9749,ship
9750,dog
9751,plane
9752,plane
9753,dog
9754,deer
9755,dog
9756,bird
9757,car
9758,plane
9759,deer
9760,truck
9761,car
9762,car
9763,deer
9764,car
9765,truck
9766,frog
9767,truck
9768,bird
9769,dog
9770,car
9771,ship
9772,ship
9773,ship
9774,truck
9775,car
9776,horse
9777,horse
9778,frog
9779,plane
9780,frog
9781,plane
9782,car
9783,bird
9784,plane
9785,dog
9786,bird
9787,car
9788,horse
9789,car
9790,car
9791,car
9792,ship
9793,ship
9794,frog
9795,cat
9796,bird
9797,dog
9798,frog
9799,horse
9800,horse
9801,car
9802,cat
9803,bird
9804,bird
9805,truck
9806,horse
9807,car
9808,truck
9809,frog
9810,bird
9811,horse
9812,deer
9813,truck
9814,car
9815,bird
9816,ship
9817,car
9818,ship
9819,car
9820,dog
9821,truck
9822,car
9823,ship
9824,frog
9825,ship
9826,ship
9827,car
9828,ship
9829,bird
9830,car
9831,car
9832,truck
9833,car
9834,ship
9835,deer
9836,bird
9837,deer
9838,car
9839,truck
9840,bird
9841,ship
9842,cat
9843,truck
9844,car
9845,ship
9846,horse
9847,frog
9848,frog
9849,plane
9850,dog
9851,plane
9852,frog
9853,frog
9854,cat
9855,dog
9856,ship
9857,frog
9858,plane
9859,deer
9860,dog
9861,ship
9862,cat
9863,dog
9864,bird
9865,horse
9866,frog
9867,car
9868,car
9869,plane
9870,car
9871,car
9872,truck
9873,ship
9874,dog
9875,ship
9876,truck
9877,ship
9878,cat
9879,truck
9880,plane
9881,cat
9882,plane
9883,ship
9884,deer
9885,ship
9886,frog
9887,deer
9888,dog
9889,frog
9890,cat
9891,truck
9892,dog
9893,bird
9894,truck
9895,plane
9896,frog
9897,frog
9898,bird
9899,frog
9900,truck
9901,horse
9902,truck
9903,truck
9904,plane
9905,horse
9906,frog
9907,ship
9908,deer
9909,cat
9910,car
9911,ship
9912,cat
9913,dog
9914,dog
9915,car
9916,truck
9917,dog
9918,frog
9919,plane
9920,ship
9921,plane
9922,bird
9923,deer
9924,frog
9925,deer
9926,deer
9927,truck
9928,dog
9929,bird
9930,frog
9931,truck
9932,cat
9933,ship
9934,ship
9935,frog
9936,truck
9937,deer
9938,plane
9939,bird
9940,ship
9941,car
9942,truck
9943,horse
9944,truck
9945,frog
9946,truck
9947,deer
9948,dog
9949,cat
9950,ship
9951,truck
9952,ship
9953,car
9954,dog
9955,bird
9956,frog
9957,ship
9958,car
9959,frog
9960,deer
9961,cat
9962,deer
9963,car
9964,car
9965,car
9966,bird
9967,frog
9968,frog
9969,truck
9970,car
9971,ship
9972,cat
9973,horse
9974,cat
9975,ship
9976,bird
9977,frog
9978,truck
9979,bird
9980,ship
9981,frog
9982,cat
9983,frog
9984,dog
9985,plane
9986,ship
9987,plane
9988,cat
9989,bird
9990,car
9991,cat
9992,dog
9993,frog
9994,horse
9995,dog
9996,horse
9997,cat
9998,frog
9999,horse
10000,truck
